Ss/list order:,words,1a,2a,3a,4a,5a,6a,7a,8a,9a,10a,11a,57a,58a,59a,60a,61a,62a,63a,64a,65a,12b,13b,14b,15b,16b,17b,18b,19b,20b,21b,44b,46b,47b,48b,50b,52b,53b,54b,55b,56b,22c,23c,25c,26c,27c,28c,29c,30c,31c,32c,66c,67c,69c,70c,71c,72c,73c,74c,75c,76c,33d,34d,35d,36d,37d,38d,39d,40d,41d,42d,43d,77d,79d,81d,82d,85d,86d,87d,88d,89d
CL,rubber,7,0,0,0,0,0,0,0,0,0,8,0,0,0,0,0,0,0,0,0,0,0,5,0,0,7,0,9,0,0,0,0,0,0,6,0,0,9,0,0,6,7,0,0,0,0,0,0,0,0,0,0,0,0,5,0,0,0,0,4,0,11,0,0,0,0,7,0,0,0,0,0,0,4,0,1,8,0,5,0
1,elastic,2,2,9,9,4,2,4,10,5,6,6,2,1,6,3,1,1,7,0,7,6,0,0,0,4,6,3,1,0,1,3,0,0,13,5,3,7,6,0,4,10,2,6,0,1,0,7,0,3,5,0,3,1,4,3,1,2,6,0,7,5,13,4,0,0,6,1,3,0,6,4,8,2,9,1,9,1,4,1,7
2,bounce,0,5,7,5,5,0,0,0,0,11,5,3,0,0,4,4,3,9,4,6,5,0,0,0,0,5,4,2,7,2,6,7,5,7,3,4,0,7,5,9,8,0,7,4,2,8,3,0,8,8,0,6,2,6,0,2,3,0,1,0,10,14,5,0,0,0,10,0,0,7,0,10,0,6,2,6,0,1,3,6
3,gloves,9,0,11,10,0,6,0,9,0,0,10,4,0,0,0,11,0,0,0,0,0,0,0,0,2,0,0,0,9,3,4,0,6,8,10,0,0,10,0,7,0,5,0,8,0,0,0,0,5,3,0,4,0,0,0,0,0,0,8,0,4,7,6,0,7,0,0,0,0,4,0,0,7,7,10,8,0,5,0,8
4,tire,0,7,5,11,7,7,9,8,9,8,9,0,0,0,7,0,0,0,0,0,0,0,9,0,0,0,0,0,0,6,2,0,0,9,11,0,0,11,6,0,7,0,0,11,0,0,0,0,6,0,0,0,8,0,0,0,0,0,9,6,0,6,7,0,0,0,0,7,0,9,0,7,0,0,4,0,5,10,4,0
5,ball,1,4,8,6,0,0,0,0,0,5,0,5,4,0,5,5,0,8,3,0,4,0,0,2,6,0,5,11,8,5,0,4,0,14,8,6,0,12,0,5,11,0,8,5,6,0,4,0,9,0,0,5,3,7,0,0,4,0,5,5,8,5,8,0,0,4,9,4,0,8,0,0,5,0,3,2,0,3,2,0
6,eraser,0,0,10,0,0,0,0,7,0,7,0,0,0,8,0,0,0,11,0,0,0,0,6,4,0,0,0,0,0,7,0,0,0,12,0,7,4,13,2,0,9,0,9,6,0,0,5,0,0,6,0,0,9,0,0,0,0,8,0,0,9,4,9,0,0,5,0,0,0,0,0,0,0,0,0,10,9,0,0,0
7,springy,6,0,0,0,0,8,10,6,8,0,0,0,0,7,0,10,2,5,0,5,7,0,7,3,0,0,6,0,6,0,0,6,7,11,4,0,0,0,0,0,0,0,4,10,0,7,10,0,4,0,0,0,0,0,0,0,0,7,0,0,7,0,0,0,0,0,8,8,0,0,0,9,0,8,0,11,0,0,0,0
8,foam,0,3,0,0,0,0,5,0,4,9,0,0,0,0,0,2,0,4,0,1,0,0,8,0,0,0,0,0,0,0,0,0,8,10,0,0,0,0,0,0,0,0,5,0,0,0,9,0,0,0,0,0,0,0,6,0,0,0,4,0,0,12,10,0,0,0,0,5,0,0,0,11,0,0,0,0,0,0,0,0
9,galoshes,8,6,6,7,0,10,7,4,0,10,4,0,0,4,8,6,7,6,5,2,0,0,0,0,0,8,0,5,0,0,7,0,0,6,9,0,0,0,0,6,0,4,0,0,0,0,8,3,0,0,0,0,4,8,7,0,0,10,0,8,6,8,0,0,4,0,5,6,0,3,0,6,0,0,8,7,6,8,0,0
10,soles,10,0,0,8,6,11,8,0,0,0,11,0,0,5,0,7,8,0,6,8,0,0,0,0,0,9,0,6,0,0,8,0,0,0,7,0,0,14,0,10,5,0,0,0,0,5,0,4,0,0,5,0,11,0,8,0,0,9,0,9,0,9,12,0,5,0,6,0,0,0,0,5,3,0,9,0,7,6,0,0
11,latex,5,0,0,2,2,5,6,5,7,4,12,6,0,0,6,3,0,10,0,0,3,1,0,0,1,4,0,7,5,4,0,5,4,4,0,0,0,8,3,8,4,0,0,9,5,6,6,0,0,2,0,0,0,5,0,0,5,1,6,0,0,10,11,5,3,0,2,0,3,11,1,4,6,5,5,3,4,0,7,4
12,glue,4,0,4,1,3,4,0,2,2,0,7,0,5,0,2,0,4,0,0,0,8,2,2,0,0,3,2,8,2,10,0,3,0,5,0,8,0,4,4,0,0,0,0,7,0,4,0,0,0,0,0,7,10,0,0,0,6,2,0,0,1,0,0,3,0,2,0,0,2,10,2,3,0,0,0,0,3,0,9,1
13,flexible,3,0,1,3,0,9,2,0,6,1,1,0,0,1,0,0,0,1,0,0,0,3,0,0,0,10,0,0,1,11,0,1,1,1,0,5,1,1,0,1,1,0,2,1,7,1,0,0,2,0,1,2,5,1,0,0,7,3,7,1,0,1,1,4,0,0,3,0,0,1,0,12,0,1,0,0,0,0,0,2
14,resilient,0,0,2,4,0,1,1,3,3,2,3,0,0,2,0,8,0,2,2,3,1,5,1,5,3,1,0,4,3,8,0,0,2,2,1,2,2,2,0,2,2,0,3,2,4,2,2,1,7,1,2,0,6,2,1,0,0,4,2,2,3,2,2,1,2,1,0,2,0,2,0,1,1,2,6,4,0,9,6,3
15,stretch,0,1,3,0,1,3,3,1,1,3,2,1,0,3,1,9,6,3,1,4,2,4,3,1,5,2,1,3,4,9,1,2,3,3,2,1,0,3,1,3,3,3,1,3,3,3,1,2,1,4,3,1,7,3,2,3,1,5,3,3,2,3,3,2,1,3,4,1,1,5,3,2,4,3,7,5,2,2,8,5
othr,,0,0,0,0,0,0,0,0,1,0,0,1,4,0,0,0,1,0,0,0,0,0,1,0,0,0,1,1,1,0,0,0,0,0,0,0,4,1,1,0,0,2,0,0,0,0,0,0,0,1,2,0,0,0,1,0,0,0,0,0,0,0,1,0,1,0,0,0,0,0,0,0,0,0,0,0,0,1,0,0
CL,command,0,0,0,0,0,0,0,0,0,0,0,0,0,0,0,0,0,0,0,0,0,0,0,0,0,0,0,0,0,0,0,0,0,8,0,0,0,0,0,0,0,14,0,0,0,0,0,0,0,0,0,0,8,0,0,0,0,0,0,10,0,0,0,7,0,0,0,0,0,0,0,11,0,0,0,0,0,0,0,0
1,order,0,8,11,4,0,5,10,7,0,5,6,7,1,6,2,3,1,0,12,1,4,1,4,1,7,9,8,3,0,9,8,1,1,0,6,10,0,9,4,9,10,3,10,9,5,0,7,0,4,0,0,0,9,0,0,1,0,0,8,4,3,9,1,0,0,5,4,3,5,10,0,6,6,6,6,1,0,9,1,8
2,army,9,7,0,7,8,4,5,8,9,6,7,0,2,4,1,9,0,0,4,2,0,2,8,0,0,8,6,7,2,8,9,2,2,5,7,2,3,8,0,8,8,8,0,10,3,10,8,4,8,8,5,5,4,10,3,0,6,0,9,5,4,8,2,0,0,6,0,4,7,7,0,8,7,0,5,2,8,11,2,0
3,obey,7,0,6,0,9,0,4,9,11,7,9,8,3,0,4,4,3,8,11,8,5,3,0,9,0,0,0,0,8,0,10,3,3,7,0,5,2,0,7,10,12,4,9,0,0,12,0,8,0,0,0,4,0,7,0,0,5,7,0,6,0,11,0,5,6,0,0,10,0,9,0,7,0,7,7,4,0,4,8,7
4,officer,3,0,7,0,7,6,3,0,0,10,12,3,4,5,3,5,2,0,10,0,10,0,7,2,0,0,5,0,0,0,11,0,0,6,8,6,0,7,0,0,0,0,0,0,0,11,9,0,0,0,0,0,0,0,4,2,0,5,0,7,5,10,0,2,0,0,6,0,3,5,0,0,0,0,0,3,0,5,3,0
5,performance,6,0,8,0,0,7,0,0,0,11,0,0,0,0,0,0,4,0,0,0,0,5,9,0,0,11,0,0,0,0,0,0,0,0,0,0,0,0,0,0,0,0,0,0,0,0,0,0,0,0,0,0,0,0,5,0,8,0,0,0,9,0,0,0,0,0,0,0,0,8,0,0,1,0,11,0,7,0,0,0
6,do,0,5,10,8,1,9,7,0,4,1,0,0,0,7,0,0,0,6,8,0,6,4,5,6,1,0,0,4,5,0,12,0,4,0,0,0,0,0,0,1,5,5,3,7,0,0,3,6,6,4,0,0,1,0,6,0,0,0,4,0,6,3,0,0,0,0,0,5,0,11,0,5,0,1,0,0,0,6,5,10
7,tell,0,6,0,9,2,10,8,0,5,2,0,5,0,0,0,0,0,7,9,0,7,0,6,7,2,0,0,5,6,3,3,0,5,9,5,11,0,11,0,2,6,6,4,8,0,9,4,7,7,6,0,0,2,0,7,0,0,0,5,0,7,0,0,0,0,0,0,6,0,0,0,0,0,2,9,0,0,7,4,0
8,general,4,3,9,6,3,0,0,6,6,0,0,6,7,0,5,7,0,9,7,6,0,0,0,0,3,7,0,6,1,5,0,6,6,0,9,7,6,0,3,3,0,7,6,5,0,7,5,3,9,7,0,7,3,5,0,0,7,0,6,8,0,5,7,3,5,0,3,9,4,0,0,10,4,3,3,0,4,10,7,6
9,shout,0,4,0,10,4,11,6,10,7,0,11,0,0,0,6,11,0,0,0,0,9,0,0,0,0,6,9,0,0,4,13,0,0,10,4,3,0,12,8,5,9,0,0,6,0,6,6,0,2,5,0,3,0,6,8,3,0,8,0,0,8,4,8,0,0,0,0,0,0,12,0,4,0,4,10,0,6,8,6,0
10,halt,5,0,4,0,0,3,0,0,0,8,1,0,0,0,0,6,0,1,1,0,0,0,0,4,5,5,0,0,0,7,7,0,0,0,10,0,0,0,0,4,11,0,0,0,4,0,10,0,10,0,0,8,0,0,0,0,0,0,0,0,0,6,0,6,0,0,1,0,0,0,0,3,2,0,0,8,0,0,0,3
11,voice,0,0,1,0,5,8,0,4,0,0,5,0,0,0,7,10,0,2,0,0,0,0,1,0,0,1,2,0,0,0,4,0,0,0,0,0,0,6,9,7,7,0,5,0,0,1,0,0,0,0,1,0,5,9,0,0,0,0,0,0,0,0,4,0,1,0,0,0,0,3,2,0,0,0,0,0,0,2,0,4
12,soldier,10,0,2,5,0,0,0,5,3,0,10,0,8,3,0,8,0,3,6,7,1,8,0,8,6,10,0,0,0,6,5,8,0,1,12,9,0,1,2,0,1,12,8,1,0,2,0,0,5,2,2,6,0,4,0,0,1,1,7,1,0,7,3,4,2,4,0,7,6,6,0,9,0,8,4,0,2,0,9,5
13,harsh,0,0,0,1,0,12,0,3,10,3,2,0,0,0,0,0,0,0,0,5,0,0,0,0,4,2,0,0,7,0,1,7,0,4,1,8,5,2,6,0,2,0,7,2,0,3,0,5,3,1,0,0,7,1,0,0,2,2,2,9,0,12,9,0,0,3,0,8,0,4,1,0,0,5,0,5,5,0,0,0
14,attention,1,2,3,2,6,1,2,2,1,4,3,2,9,1,0,1,0,5,2,4,2,7,2,3,0,3,3,1,4,2,6,5,8,3,2,4,4,3,1,6,3,2,2,3,1,4,2,2,1,3,3,1,0,2,2,0,3,3,3,2,1,2,5,1,3,2,0,2,1,1,0,2,5,0,1,6,3,3,10,2
15,sharp,2,1,5,3,0,2,1,1,2,9,4,1,0,2,0,2,6,4,3,3,3,6,3,5,0,4,1,2,3,1,2,4,7,2,3,0,0,4,5,0,4,1,1,4,2,5,1,1,0,0,4,0,6,3,1,0,4,4,1,3,2,0,6,0,4,1,2,1,2,2,3,1,3,0,2,7,1,1,0,1
othr,,1,0,0,0,0,0,1,0,1,0,1,1,3,0,0,0,0,0,0,0,1,0,0,0,0,1,1,0,3,0,0,0,0,0,0,1,1,1,0,0,0,4,0,0,0,0,0,1,0,0,2,1,0,0,0,0,0,1,1,0,0,1,0,0,0,0,2,0,0,0,2,0,0,0,0,0,0,0,0,1
CL,king,0,0,0,0,0,0,0,0,0,0,0,0,0,0,0,0,0,0,0,0,0,0,0,0,0,0,0,0,0,0,0,0,0,0,0,0,0,0,0,0,7,10,0,0,0,0,0,0,8,0,0,0,0,0,0,0,0,0,0,0,0,11,0,0,0,0,0,0,0,0,0,0,0,6,0,0,0,0,0,0
1,queen,7,7,7,6,1,6,5,12,8,9,6,0,1,4,6,5,1,5,4,7,5,1,4,1,7,5,5,2,1,1,6,1,1,7,1,3,0,4,4,4,8,3,10,10,3,3,8,10,4,7,9,3,6,9,1,1,0,5,6,1,9,0,1,6,5,6,5,6,6,6,4,6,7,4,1,1,6,7,1,9
2,England,10,8,8,7,2,7,11,9,10,0,7,7,2,5,0,6,2,0,9,9,6,0,5,2,0,0,0,3,2,2,0,0,2,8,2,2,1,5,8,5,0,5,11,7,5,11,10,9,5,8,0,0,8,10,2,2,5,6,7,0,10,6,2,7,0,7,6,0,3,9,5,7,8,0,2,2,7,3,2,8
3,crown,0,9,9,8,9,0,0,10,7,7,12,5,3,0,7,7,0,10,8,10,0,0,0,10,8,8,4,10,12,3,7,0,0,0,4,8,0,6,0,15,10,11,9,0,6,8,7,0,6,13,0,5,0,8,0,0,7,0,0,7,8,0,11,0,0,9,7,8,4,7,0,9,5,5,11,3,0,0,3,0
4,prince,6,10,6,9,6,8,8,7,9,5,5,3,4,9,10,11,3,9,3,8,0,6,6,11,9,7,6,4,0,5,8,0,0,6,11,12,0,7,6,12,0,4,7,8,4,4,4,4,0,9,6,0,10,5,0,3,9,7,4,2,7,7,6,9,9,8,8,10,5,11,7,8,6,0,3,4,9,6,5,10
5,George,5,4,0,10,10,9,9,8,0,6,8,6,5,7,9,10,4,8,5,11,0,0,0,0,10,6,0,0,0,7,9,0,6,9,10,13,0,8,5,11,11,6,8,9,0,5,5,5,7,10,7,4,7,6,7,0,0,8,5,3,5,10,7,5,7,0,9,0,0,8,6,5,4,7,4,5,8,8,6,0
6,dictator,11,5,10,4,3,0,10,0,0,0,4,8,0,0,0,12,0,11,0,2,8,8,0,9,5,10,7,9,0,6,5,2,10,10,8,4,6,10,0,10,4,7,0,0,0,0,3,6,10,0,0,0,0,0,9,0,0,9,8,6,6,0,8,0,0,0,0,5,0,12,9,3,0,8,5,8,0,5,7,5
7,palace,4,6,0,5,0,4,7,11,11,0,13,0,0,0,8,9,0,7,0,12,0,2,10,7,6,0,9,1,0,11,0,0,0,0,3,14,0,12,11,13,14,0,12,0,0,10,0,7,9,11,0,0,0,11,6,0,6,0,0,8,11,0,12,0,8,0,0,11,0,0,8,0,0,0,0,0,10,0,0,0
8,throne,0,0,0,0,0,10,0,0,0,0,11,0,0,0,0,8,0,6,10,0,0,0,0,0,1,9,10,0,0,0,4,0,9,0,12,9,0,0,0,14,13,0,14,0,0,9,0,0,0,6,0,0,0,7,0,0,8,0,0,0,0,0,9,0,6,5,0,7,0,10,0,4,0,13,6,0,0,0,0,0
9,chess,12,0,11,0,11,11,0,6,0,10,10,0,7,8,1,0,0,0,0,6,0,9,8,6,2,0,8,0,3,0,0,0,7,0,9,0,0,0,9,6,0,0,6,6,0,13,9,11,0,12,0,0,11,12,0,0,0,0,11,0,0,0,0,0,0,0,2,0,0,3,0,0,0,12,0,11,5,9,8,0
10,rule,0,0,0,11,7,12,6,0,2,2,9,0,6,0,2,0,6,0,0,5,7,0,1,4,11,12,0,12,4,8,0,0,3,11,7,6,8,9,10,7,0,2,4,0,0,6,0,0,11,0,0,8,9,0,3,0,0,10,10,0,0,4,5,2,3,0,11,0,0,4,10,0,0,3,7,0,0,10,0,2
11,subjects,8,2,5,12,0,13,0,4,3,8,15,4,8,0,4,4,0,12,0,0,0,4,0,0,0,4,0,0,9,9,0,0,4,4,0,5,4,11,12,8,6,1,5,1,0,7,0,0,12,5,2,0,4,1,4,0,0,4,12,0,0,9,10,8,0,0,0,0,0,0,0,0,0,11,8,0,11,0,0,3
12,monarch,3,3,4,0,8,5,4,5,4,4,3,0,0,6,5,3,5,1,6,1,1,0,7,3,4,11,11,6,5,13,2,0,11,12,5,7,0,0,7,9,12,9,13,2,0,0,11,8,3,4,0,7,5,0,5,4,4,0,9,4,4,13,3,3,4,1,0,4,0,5,0,10,0,0,10,7,4,4,0,4
13,royal,9,0,1,1,0,1,1,3,6,0,14,0,9,2,0,13,0,2,7,3,2,0,0,8,0,1,1,5,6,4,3,0,8,1,0,11,7,1,3,2,1,0,3,3,0,12,6,3,0,1,1,6,2,2,0,0,1,1,1,0,2,1,0,1,0,2,3,2,0,0,2,11,1,0,9,9,2,0,0,6
14,leader,1,0,2,2,4,2,3,2,0,3,1,2,10,3,0,2,0,3,2,0,3,7,2,0,0,2,2,7,7,12,0,4,0,2,6,0,5,2,2,3,2,0,2,4,1,1,2,1,2,2,3,2,3,3,0,0,2,2,2,0,3,2,0,0,2,3,4,3,1,1,1,2,3,1,0,6,3,2,9,0
15,reign,2,1,3,3,5,3,2,1,5,1,2,1,0,1,3,1,7,4,0,4,4,3,3,5,3,3,3,8,11,10,1,0,5,3,0,0,0,3,0,1,3,8,1,5,2,2,1,2,1,3,0,0,1,0,8,5,3,3,3,5,1,3,4,4,1,4,1,1,2,2,3,1,2,2,0,10,1,1,4,1
othr,,0,0,0,0,0,0,0,0,1,0,0,0,1,0,0,0,0,0,1,0,1,0,0,0,0,0,0,1,2,0,0,0,0,1,0,1,1,0,0,0,1,3,0,0,0,0,0,0,0,0,3,0,0,1,0,0,0,0,0,0,0,3,0,0,0,0,0,1,0,0,0,0,0,0,0,0,0,0,0,0
CL,city,0,0,0,0,0,0,6,8,0,0,14,0,0,0,0,0,0,0,0,0,0,6,0,0,0,0,0,0,2,0,0,0,0,0,0,0,0,0,9,0,0,1,12,0,0,0,7,6,0,0,0,0,10,0,0,5,10,0,0,8,0,0,0,0,0,0,4,9,3,0,0,0,0,0,0,0,7,10,0,0
1,town,5,7,4,9,1,11,10,0,10,9,1,9,1,1,1,5,1,10,0,7,7,0,11,5,2,7,0,5,0,1,0,2,9,10,4,11,8,12,11,8,0,12,0,7,0,8,0,0,2,2,0,7,1,12,5,1,0,7,4,7,6,7,2,11,0,1,8,4,7,1,3,3,9,7,3,1,3,5,0,5
2,crowded,7,5,11,8,2,12,11,11,11,8,2,5,2,2,2,6,2,0,10,11,9,0,13,8,0,8,9,6,1,2,11,0,8,8,9,13,9,13,8,10,7,0,9,8,7,9,6,7,12,9,0,12,2,13,6,2,0,8,5,0,3,6,3,7,7,8,9,5,6,3,4,6,8,8,4,2,5,6,2,7
3,state,0,3,0,10,4,9,9,10,0,6,8,7,0,3,3,10,8,0,0,0,6,0,14,13,0,9,10,0,0,3,7,4,0,9,3,6,11,8,2,11,8,5,7,0,2,10,0,0,6,0,0,9,5,10,0,0,7,12,7,0,4,13,0,9,11,0,0,0,0,2,5,4,10,9,5,0,0,0,0,0
4,capital,0,4,0,11,5,10,8,0,0,7,9,8,0,0,7,9,0,0,0,0,8,0,15,9,5,10,5,0,0,4,8,5,0,13,0,0,12,11,1,12,0,0,8,0,0,11,0,0,7,0,0,0,6,11,0,0,8,0,0,0,12,0,0,10,10,0,0,10,0,12,0,11,11,10,6,0,0,0,0,0
5,streets,8,9,10,0,0,13,14,0,0,0,0,6,0,11,6,0,0,9,7,9,11,0,0,0,9,13,8,0,0,11,12,0,7,6,12,7,2,4,0,7,6,7,10,9,0,0,8,0,0,0,0,0,0,9,0,0,0,0,0,0,0,8,4,6,0,0,0,0,0,4,0,7,0,0,0,0,9,0,0,0
6,subway,10,10,5,5,7,0,12,7,7,0,12,0,3,9,4,7,6,8,8,0,10,0,7,0,8,0,7,9,0,12,13,0,6,5,10,8,3,5,7,0,0,10,11,0,0,7,9,8,4,7,0,10,0,8,4,0,0,10,0,9,11,11,6,0,5,6,5,8,0,0,0,8,3,0,8,3,6,7,0,0
7,square,0,0,0,6,10,8,0,6,6,0,11,0,0,4,0,0,3,7,9,10,0,0,12,10,0,0,0,0,0,14,5,0,5,0,7,0,6,6,0,9,0,9,0,0,0,6,0,0,11,0,0,0,0,0,0,0,0,11,0,0,9,10,5,5,0,0,0,7,0,10,0,0,0,0,0,0,0,0,0,6
8,New York,6,0,8,7,6,6,4,9,8,1,10,0,5,6,5,1,7,6,5,5,5,0,5,11,6,4,4,1,5,10,9,1,10,12,1,9,7,10,4,1,4,3,5,5,4,5,4,5,8,5,4,3,3,7,2,5,6,5,3,1,5,9,7,4,6,5,6,2,5,8,1,9,5,0,2,4,2,8,7,8
9,villiage,0,0,0,0,0,7,15,12,0,0,13,0,6,0,0,8,0,1,0,0,0,0,8,7,1,11,0,0,0,5,4,0,4,0,11,10,10,0,0,0,0,0,0,0,0,0,0,0,0,0,6,8,4,0,7,0,9,0,0,0,0,0,0,0,8,7,3,0,0,11,7,10,0,5,0,0,0,11,5,0
10,metropolis,3,8,9,0,3,0,13,0,9,0,5,4,0,5,0,4,4,2,0,4,4,1,6,2,3,12,0,8,4,6,6,7,0,4,8,4,0,3,6,2,9,2,6,4,6,12,3,0,10,8,7,5,11,4,8,3,4,6,8,6,7,5,8,8,4,2,0,6,9,13,0,5,4,6,7,9,0,0,6,4
11,big,0,0,6,0,0,5,7,5,3,0,7,0,0,10,0,0,0,11,11,3,0,2,9,0,0,6,0,7,6,8,0,3,0,11,0,5,4,7,0,13,0,8,0,0,3,0,10,4,0,0,0,6,9,6,0,0,11,4,0,5,8,1,11,0,0,3,0,0,0,7,0,0,0,0,0,0,0,4,1,0
12,Chicago,4,2,7,1,8,3,5,3,4,2,6,0,7,7,8,2,9,3,6,6,0,3,1,12,7,5,3,2,3,13,10,8,11,7,2,12,5,9,3,6,5,4,3,6,5,1,5,3,9,6,5,4,8,5,1,6,5,1,2,2,2,2,10,3,3,4,7,3,4,9,2,12,7,3,1,5,4,9,8,9
13,suburb,0,6,1,3,9,4,3,2,5,3,3,3,0,0,0,0,5,12,3,8,1,0,2,4,0,1,0,4,0,7,1,0,1,1,0,0,0,2,10,3,3,0,4,1,0,2,0,0,3,3,2,11,0,1,0,0,3,9,0,11,10,3,12,1,0,0,0,0,8,0,0,13,6,4,9,7,8,3,3,1
14,county,2,0,2,2,0,2,1,4,1,4,0,2,0,0,0,11,0,4,2,2,2,4,3,3,0,2,1,10,0,0,3,0,2,2,5,2,0,0,0,4,2,0,2,2,0,3,2,2,0,4,3,2,0,2,0,0,2,2,6,3,0,4,1,0,2,0,1,0,2,5,0,2,1,1,0,6,0,2,0,2
15,urban,1,1,3,4,11,1,2,1,2,5,4,1,8,8,0,3,0,5,1,1,3,5,4,1,4,3,2,3,7,9,2,6,3,3,6,3,1,1,0,5,1,6,1,3,1,4,1,1,1,1,1,1,7,3,3,4,1,3,1,4,1,0,9,2,1,0,2,1,1,6,6,1,2,2,0,8,1,1,4,3
othr,,2,0,0,0,0,0,0,0,0,0,0,0,1,0,0,0,0,0,1,0,0,0,0,0,0,0,1,0,1,0,0,0,0,0,0,1,0,0,1,0,2,1,0,0,0,0,0,0,0,0,0,0,1,0,0,0,0,0,0,1,0,3,0,0,0,0,1,0,0,0,0,0,0,0,0,0,0,1,0,0
CL,whistle,0,0,0,12,0,0,11,0,0,0,0,0,0,0,0,0,9,0,0,0,0,0,0,0,0,10,0,0,0,0,0,0,0,0,4,0,0,0,0,0,0,0,0,0,0,0,0,0,0,0,0,0,0,0,0,0,0,0,0,0,0,0,0,0,0,0,0,0,0,0,0,0,0,11,0,0,0,8,0,0
1,stop,9,6,9,10,10,0,9,9,7,1,11,9,1,9,0,5,1,8,7,2,11,4,0,1,0,9,11,8,0,5,11,1,1,0,12,4,0,9,7,10,0,9,5,8,0,6,6,0,2,0,0,0,8,6,1,0,7,7,8,7,9,8,1,9,0,0,0,6,6,9,6,4,0,6,1,1,0,5,1,5
2,train,10,5,10,11,8,0,8,8,6,2,5,10,2,8,5,6,2,6,6,1,10,5,0,2,0,8,3,7,0,4,12,3,2,0,11,3,2,8,8,9,6,5,6,9,0,7,7,0,1,0,0,1,9,5,2,0,3,8,7,8,8,9,2,10,7,0,0,7,7,8,8,9,0,7,2,2,4,6,4,6
3,noise,0,7,0,6,0,0,0,10,0,0,6,8,4,1,4,7,0,7,5,9,9,6,10,0,0,0,0,6,0,3,10,7,0,0,1,6,5,12,0,0,7,8,7,0,4,0,8,0,8,0,0,0,0,0,0,0,6,0,6,5,6,4,3,11,0,6,7,8,10,0,0,0,0,0,3,0,7,0,3,0
4,sing,0,0,0,7,6,12,5,0,0,0,7,0,3,0,9,0,0,0,0,0,7,0,5,0,0,0,7,0,0,1,7,0,3,8,2,7,0,10,12,2,0,0,0,4,5,0,12,0,0,0,0,7,0,9,0,0,0,0,9,0,5,6,4,0,6,0,0,0,8,2,0,10,0,0,0,0,0,9,2,0
5,blow,8,0,0,9,9,11,0,7,0,3,12,0,6,0,0,0,4,10,0,0,0,0,6,0,0,0,0,0,0,6,0,2,0,7,0,0,0,3,0,8,0,6,8,0,0,8,0,0,6,0,0,0,0,12,0,0,0,0,0,0,0,11,0,0,0,0,0,0,0,0,0,3,5,8,8,0,0,0,0,0
6,tune,0,0,6,0,7,10,0,0,0,0,0,0,0,0,0,9,0,11,0,0,0,0,7,9,0,5,0,0,0,0,9,0,8,9,0,5,0,0,9,0,0,0,0,0,0,0,0,0,0,0,0,0,5,7,0,0,0,0,0,0,0,0,6,0,0,8,0,9,0,0,0,12,0,12,0,0,0,0,0,0
7,sound,6,0,0,0,0,7,0,0,0,0,0,0,0,0,0,0,0,0,8,3,0,0,0,3,7,0,0,0,0,12,0,0,0,5,0,0,6,13,6,0,0,0,0,0,0,0,11,0,7,0,0,0,0,0,0,0,0,0,10,0,7,0,0,7,0,7,0,0,0,0,0,0,0,0,9,0,0,0,0,0
8,dog,5,9,8,5,0,6,13,11,8,0,0,0,5,0,0,3,0,1,10,0,0,7,8,0,6,0,5,0,7,8,3,0,7,11,8,0,1,7,3,4,0,0,9,7,0,0,9,1,0,0,0,0,4,13,0,0,0,4,2,0,10,10,8,12,0,0,6,0,0,0,0,5,0,9,4,6,0,0,10,0
9,song,0,0,5,8,0,9,6,0,0,0,8,6,0,2,0,8,0,12,0,0,8,0,0,10,0,0,10,0,3,2,8,0,0,10,3,0,0,0,5,3,0,0,0,5,6,0,0,0,0,0,0,8,0,8,0,0,0,5,0,10,0,7,0,8,0,0,1,0,0,0,0,11,0,0,0,0,0,0,5,0
10,shrill,7,8,4,0,0,8,7,6,4,0,4,4,0,0,8,0,6,9,0,8,0,0,9,8,5,4,0,0,2,0,1,0,9,4,7,0,0,11,4,6,5,7,4,0,0,0,10,0,9,0,5,0,6,4,0,0,0,6,0,9,4,5,5,6,8,1,2,10,0,4,0,1,0,10,7,3,6,7,7,0
11,boy,4,0,0,2,4,3,4,3,5,4,3,3,0,3,1,4,3,2,1,4,5,0,1,7,2,3,4,3,1,7,5,5,4,3,10,0,0,5,10,5,4,4,1,6,0,4,4,5,3,1,4,3,10,11,3,0,2,10,1,1,2,12,9,5,1,2,3,2,2,6,1,6,1,2,5,7,2,2,8,4
12,lips,2,1,3,0,5,4,2,4,0,5,9,2,0,4,2,1,5,0,3,0,4,0,2,0,8,6,8,4,9,0,0,4,5,6,0,8,0,4,0,7,0,0,0,10,0,5,1,2,4,5,0,0,0,10,4,1,4,9,3,2,3,13,7,4,2,3,4,3,3,0,2,7,2,3,0,0,3,0,0,7
13,wolf,0,2,7,3,2,5,0,5,1,0,10,0,0,5,7,2,0,3,9,6,1,1,0,4,4,7,6,5,4,9,4,0,0,1,9,0,0,6,11,0,2,1,3,1,2,1,5,0,0,3,2,4,1,1,6,2,1,1,11,6,0,1,12,1,3,4,0,5,0,7,3,8,0,5,6,0,0,1,9,3
14,call,3,3,2,4,3,1,0,1,2,6,0,5,0,6,6,0,7,5,0,5,2,2,3,5,3,2,1,1,0,10,6,0,0,0,5,1,0,1,1,0,1,2,2,2,3,2,2,3,0,2,3,5,2,2,5,3,0,2,4,3,0,2,10,2,4,5,0,4,5,1,5,0,3,4,0,4,5,3,0,1
15,loud,1,4,1,1,1,2,3,2,3,7,2,1,8,7,3,0,8,4,4,7,3,3,4,6,1,1,2,2,5,11,0,6,6,2,6,2,0,2,2,1,3,3,10,3,1,3,3,4,5,4,1,2,3,3,7,4,0,3,5,4,1,3,11,3,5,0,5,1,1,5,4,2,4,1,0,5,1,4,6,2
othr,,0,0,1,0,0,0,2,0,0,0,1,1,1,0,0,0,0,0,1,0,0,0,0,0,0,0,1,0,5,0,1,0,0,0,0,0,2,0,0,0,1,0,0,0,1,0,0,0,0,0,0,1,0,0,0,0,1,0,0,0,0,0,0,0,0,0,0,0,2,1,1,0,0,0,0,0,1,0,0,0
CL,trash,0,0,0,0,0,0,4,0,0,0,0,0,0,0,0,0,7,0,4,0,9,0,0,0,0,0,0,0,8,0,0,4,0,8,14,0,0,0,0,0,10,10,11,0,0,0,0,0,0,0,0,0,0,5,4,0,0,0,0,1,0,10,9,10,0,0,0,4,0,0,0,0,0,0,0,0,8,0,0,6
1,garbage,6,5,5,7,4,7,10,7,6,1,3,7,1,4,4,8,0,7,0,3,1,6,3,1,1,5,8,5,6,1,2,3,1,7,7,2,4,4,3,8,7,1,8,5,3,8,4,2,4,5,5,4,1,0,1,1,5,8,5,0,5,3,1,4,0,8,6,5,6,7,6,6,7,4,1,1,4,2,1,0
2,waste,0,0,0,5,6,8,7,0,8,0,15,5,2,0,5,9,2,0,3,4,8,0,7,9,0,7,9,6,0,9,0,6,2,0,1,3,5,14,0,11,0,4,5,0,4,7,0,0,0,0,4,6,9,7,8,0,0,0,7,0,8,9,6,5,8,9,0,6,7,0,0,4,0,7,0,2,0,8,2,0
3,can,0,6,7,6,5,9,9,0,10,2,4,0,3,0,7,10,9,11,5,0,0,0,4,8,7,6,10,7,0,0,3,0,3,9,8,4,6,5,2,9,9,0,9,6,0,10,6,0,5,6,0,8,2,6,0,0,0,0,6,9,0,8,3,6,6,10,0,0,0,6,0,5,8,6,4,8,0,9,0,0
4,refuse,0,0,4,4,0,3,8,0,9,4,1,0,0,0,6,4,3,9,0,7,0,0,0,0,5,0,0,9,0,0,7,0,0,0,2,0,9,6,0,10,8,8,0,7,0,11,0,0,6,0,0,0,3,8,2,0,0,7,8,10,0,1,4,7,0,7,0,0,0,0,5,7,6,5,2,3,0,0,0,7
5,sewage,5,8,0,0,7,10,0,8,0,0,2,6,0,0,0,0,1,10,0,0,0,0,0,4,6,0,0,0,3,8,11,0,0,10,13,6,8,7,1,7,5,3,0,0,0,0,0,0,8,0,0,3,0,9,0,0,6,0,9,0,0,12,0,11,0,0,0,0,0,11,0,0,0,8,0,0,5,0,3,0
6,dirt,7,9,8,0,0,4,0,0,0,0,5,0,0,0,0,11,8,0,0,0,0,0,0,7,0,0,0,10,0,0,0,0,0,5,0,7,0,9,0,0,11,6,0,0,0,0,0,7,0,0,0,9,0,10,0,0,4,0,0,0,0,11,0,0,7,0,0,0,5,8,0,0,0,9,9,0,0,0,0,0
7,junk,0,0,0,0,0,5,0,10,7,0,0,0,0,0,0,0,0,12,0,0,0,1,0,2,0,0,0,0,0,0,0,0,0,0,10,0,0,13,0,0,6,9,10,8,0,9,0,0,0,7,6,0,0,0,0,0,0,6,0,0,9,6,0,0,1,0,0,0,0,10,0,9,0,10,0,0,0,6,0,0
8,rubbish,0,0,0,0,0,6,0,0,5,0,13,4,4,0,0,12,6,0,0,0,0,0,0,0,0,0,0,0,0,0,0,0,0,6,9,0,0,0,8,0,0,11,0,0,6,0,5,0,7,0,0,0,0,0,0,0,2,0,0,0,0,13,5,9,3,0,0,0,8,9,0,8,0,13,3,7,0,0,0,4
9,paper,0,7,6,9,0,14,11,5,1,3,9,0,5,6,0,5,0,1,0,0,7,0,8,0,0,0,5,8,0,5,9,0,6,1,5,0,0,11,4,5,0,2,7,0,0,0,7,0,0,0,0,5,0,11,3,0,0,5,0,7,7,7,0,8,5,5,0,8,0,5,0,10,5,11,5,0,6,5,4,0
10,scraps,0,0,0,0,0,15,0,4,0,0,10,0,0,7,0,6,0,2,7,0,0,0,9,0,0,0,0,0,0,0,10,0,9,2,6,0,0,10,0,6,0,0,6,0,0,1,0,6,0,0,0,0,8,0,0,0,0,0,0,0,0,0,0,0,0,6,1,7,9,0,0,12,4,0,0,0,0,0,5,0
11,pile,0,0,0,0,0,11,12,0,0,7,12,0,0,0,0,7,0,3,0,1,2,2,10,0,0,0,7,0,0,7,4,0,8,0,11,0,0,12,9,0,0,0,0,0,0,2,0,0,0,0,0,2,7,0,5,6,0,0,0,8,0,0,0,0,0,0,2,0,0,4,7,11,0,0,6,0,0,4,0,8
12,dump,3,2,0,8,0,12,0,9,3,9,11,0,0,5,0,0,4,8,0,2,3,0,5,0,0,4,6,3,4,2,5,5,4,3,12,5,7,8,5,3,3,0,2,0,0,3,0,3,0,1,2,7,5,4,0,2,0,4,3,2,3,0,2,0,0,0,7,0,0,12,4,0,0,12,0,9,0,10,8,5
13,landfill,2,1,1,3,2,13,2,2,0,8,8,2,6,1,1,3,0,4,6,8,4,5,6,5,2,3,1,4,0,3,8,0,5,4,0,0,1,2,0,4,1,7,4,2,5,6,2,4,2,2,1,0,4,1,6,3,3,1,2,3,4,5,7,1,4,3,5,2,1,1,1,2,3,2,7,4,2,7,6,3
14,debris,4,3,2,2,3,1,3,3,2,5,6,3,0,2,3,1,0,5,2,5,5,3,1,3,3,2,2,2,2,6,6,1,7,0,3,0,0,1,7,1,2,5,3,3,2,4,1,5,3,3,3,1,0,2,7,4,0,2,1,4,1,4,0,2,2,2,4,3,2,2,2,3,1,1,0,5,3,0,7,2
15,litter,1,4,3,1,1,2,1,1,4,6,7,1,8,3,2,2,5,6,1,6,6,4,2,6,4,1,3,1,5,4,1,2,0,0,4,1,0,3,0,2,12,13,1,4,1,5,3,1,1,4,0,0,6,3,0,5,1,3,4,5,2,2,8,3,0,1,3,1,3,3,3,1,2,3,8,6,1,1,9,1
othr,,0,0,0,0,0,0,2,1,0,0,1,0,1,0,0,0,0,0,0,0,0,0,0,0,0,0,1,0,1,0,0,1,0,0,0,0,2,0,1,0,0,0,0,1,0,0,0,0,0,0,0,0,0,0,0,0,0,0,0,1,1,0,0,0,0,1,0,0,1,0,0,0,0,0,0,0,1,1,0,0
CL,cabbage,0,0,0,0,0,0,5,0,0,0,0,0,0,0,0,0,0,0,0,0,0,0,0,0,0,6,0,0,0,0,0,0,0,0,0,0,0,0,0,0,0,0,0,0,0,0,0,0,0,2,0,0,0,0,0,0,0,0,0,0,0,0,0,0,0,0,0,0,7,0,0,0,0,0,0,0,0,0,0,0
1,head,5,4,8,6,5,8,9,5,0,2,5,6,8,3,4,4,5,13,4,1,5,0,2,4,1,9,5,7,0,2,2,1,1,9,8,0,0,1,5,11,10,1,6,7,7,7,6,0,5,3,5,0,3,9,7,3,0,1,0,4,3,11,3,4,0,6,3,10,8,6,6,6,1,6,2,1,3,10,1,5
2,lettuce,6,7,7,7,6,6,4,6,6,1,6,7,7,4,5,5,6,7,5,2,6,0,3,1,2,10,6,6,7,1,3,2,2,10,2,7,3,2,6,10,9,2,7,8,6,8,7,0,4,5,6,5,4,8,6,4,5,2,7,3,2,12,4,5,0,7,4,5,9,7,7,7,2,7,3,2,2,11,2,7
3,vegetable,0,0,12,8,1,0,12,9,10,4,13,8,5,13,7,10,7,9,6,3,10,6,0,2,3,8,0,0,8,0,0,0,4,5,0,0,4,0,4,0,7,8,0,9,3,9,0,0,6,7,10,6,5,5,0,5,0,6,11,11,9,14,5,0,0,0,6,0,0,4,0,2,3,0,0,3,9,9,3,0
4,food,8,0,11,0,0,0,11,8,0,0,14,12,0,9,2,9,4,8,7,0,0,0,6,0,0,12,0,0,0,0,0,7,0,0,0,6,0,0,0,14,13,0,0,0,0,0,0,0,0,0,0,0,0,0,0,0,0,0,0,0,0,10,0,0,0,0,0,0,0,0,8,11,0,0,5,0,0,0,0,0
5,salad,0,0,10,0,8,10,0,7,0,0,11,0,2,11,0,0,10,0,9,0,9,0,7,0,5,11,8,10,0,6,0,0,10,8,4,8,0,3,7,13,12,3,0,10,5,5,0,0,11,0,0,4,0,12,0,6,0,3,9,5,4,4,10,8,4,0,0,6,10,14,0,5,6,10,1,4,7,0,0,8
6,green,0,0,9,9,9,7,10,11,7,0,0,10,3,12,0,7,9,6,8,0,7,4,5,3,4,13,7,0,9,3,0,3,3,6,9,3,5,12,9,12,11,10,8,0,4,0,4,0,7,0,7,0,0,6,4,0,6,10,10,6,5,5,6,7,5,8,0,8,6,5,0,8,7,8,4,0,5,0,4,9
7,garden,0,8,0,12,0,9,7,3,8,7,12,9,0,1,3,8,0,10,3,5,8,0,0,0,6,0,10,0,0,4,9,0,7,7,1,2,7,4,3,0,8,0,5,0,0,4,9,5,8,0,4,3,0,13,5,0,4,0,12,10,6,7,8,6,6,9,0,0,5,12,9,10,0,0,0,0,4,3,0,6
8,leaf,0,6,0,0,0,0,8,10,9,0,10,11,0,0,0,6,8,11,0,0,0,5,4,9,0,0,9,9,5,5,5,4,0,0,3,0,0,0,8,9,5,4,11,0,0,6,5,0,10,0,0,0,0,7,0,0,0,4,8,7,0,6,7,0,0,0,0,7,4,13,0,9,0,9,9,0,8,5,0,0
9,sauerkraut,0,5,6,10,3,11,0,0,5,6,8,0,0,5,0,3,0,5,10,4,0,0,10,6,7,7,4,5,3,8,8,9,8,11,0,0,0,10,0,7,4,9,10,6,0,0,8,0,0,1,0,0,6,10,8,0,0,12,5,9,8,9,0,0,2,1,0,9,0,10,0,13,0,0,10,10,10,8,7,3
10,smell,7,0,5,5,4,1,0,0,0,8,9,0,6,7,1,0,0,4,11,0,0,0,12,0,0,5,0,0,0,7,0,10,9,12,0,0,0,11,0,8,0,0,0,0,0,0,0,0,0,0,0,0,0,11,3,0,0,13,6,0,0,0,0,0,0,0,0,0,0,8,0,12,0,0,11,11,0,6,0,4
11,slaw,0,0,0,11,0,2,6,4,0,0,7,5,0,6,0,0,0,0,12,0,0,2,9,0,0,0,0,11,0,0,7,8,0,13,0,0,0,0,0,6,0,0,3,1,0,0,10,0,9,0,0,0,9,0,0,0,0,11,0,0,0,8,0,3,0,10,0,0,0,9,5,14,0,1,12,9,11,0,8,2
12,patch,2,0,3,4,0,3,1,12,0,0,1,1,0,2,0,0,0,0,0,0,3,1,11,7,0,4,1,4,0,0,0,0,0,3,5,0,0,6,0,4,3,6,4,2,0,0,0,1,0,4,0,0,8,0,0,0,0,5,2,0,0,0,9,0,0,2,0,1,0,11,1,0,0,2,0,5,0,4,0,12
13,plant,4,1,4,1,0,0,0,0,4,0,2,2,0,0,0,0,0,1,0,7,4,0,0,0,0,3,0,3,4,9,4,0,0,2,0,1,0,7,0,3,6,0,9,3,0,0,2,2,3,0,1,7,0,2,0,0,1,9,3,0,0,1,11,0,1,3,2,2,0,3,2,3,0,4,7,6,0,0,5,10
14,carrots,3,2,1,2,7,5,3,2,1,5,3,3,4,10,6,2,2,2,2,0,1,0,8,8,9,1,2,1,2,11,1,6,5,1,6,5,1,8,1,2,2,5,1,4,2,1,3,3,2,8,2,2,1,3,1,2,2,8,4,1,7,2,1,1,0,4,1,3,1,1,3,4,4,3,6,7,6,2,0,11
15,soup,1,3,2,3,2,4,2,1,2,3,4,4,1,8,0,1,3,3,1,6,2,3,1,5,8,2,3,2,1,10,6,5,6,4,7,4,2,9,2,1,1,7,2,5,1,2,1,4,1,0,3,1,2,4,2,1,3,7,1,2,1,3,2,2,3,5,5,4,0,2,4,1,5,5,8,8,1,1,6,1
othr,,0,0,0,0,0,0,0,0,1,0,0,0,0,0,0,0,1,1,0,0,0,0,0,0,0,0,1,1,1,0,0,0,0,0,0,0,1,1,1,0,0,0,0,0,0,1,0,0,0,1,2,0,0,1,0,0,0,0,0,0,0,0,0,0,0,0,0,0,2,0,0,0,0,0,0,0,0,1,0,0
CL,health,0,0,0,0,2,0,0,0,0,0,7,0,0,0,0,0,0,0,0,0,0,0,0,0,0,0,0,8,0,0,0,0,0,0,0,0,9,11,0,0,0,0,0,0,0,0,0,0,0,0,0,0,0,0,0,0,0,0,0,0,0,0,0,0,0,0,0,0,0,7,0,0,0,0,0,0,9,7,9,0
1,sickness,7,8,9,2,3,7,6,4,8,1,5,7,5,4,3,9,4,7,6,6,8,4,11,4,2,8,7,9,0,2,2,2,1,4,1,10,5,5,10,4,6,1,6,7,1,7,7,5,3,8,0,6,2,7,3,1,9,5,9,6,5,10,5,3,7,0,4,7,5,5,9,8,3,6,3,1,0,2,1,6
2,good,5,0,0,0,0,12,0,0,7,0,6,0,8,0,4,0,0,0,3,0,0,7,9,0,0,9,8,0,7,4,0,4,2,5,0,9,7,6,0,6,7,10,7,0,0,0,0,0,10,10,0,7,4,11,4,0,10,0,0,0,0,12,6,4,0,0,0,8,0,12,0,5,0,0,0,2,0,0,0,0
3,happiness,0,0,7,8,7,9,7,9,9,0,13,9,4,0,0,10,5,9,0,7,7,0,10,5,1,0,9,11,6,5,0,3,3,0,9,0,8,7,8,5,8,8,8,0,0,0,9,6,9,12,0,9,0,8,0,7,8,8,10,7,6,15,7,0,0,0,3,10,0,10,7,4,0,8,7,3,0,3,0,5
4,wealth,0,6,8,7,0,10,5,0,6,0,8,0,0,5,5,11,7,10,0,8,0,0,0,6,0,13,4,0,0,12,0,0,0,6,10,8,0,0,9,7,0,7,12,6,0,8,10,0,8,11,0,0,5,10,0,6,12,7,4,8,7,13,8,6,6,0,0,6,9,11,8,12,0,0,8,0,8,0,0,9
5,ill,6,7,6,0,8,11,0,5,0,3,14,8,0,0,2,8,0,6,0,2,6,6,8,0,6,0,0,0,0,3,3,7,0,10,0,11,0,10,4,11,0,0,9,0,2,9,8,0,4,7,0,8,0,9,7,2,7,6,5,0,0,11,9,7,5,0,5,5,6,6,0,9,0,7,2,0,4,4,0,0
6,doctor,8,0,0,3,4,0,10,0,4,5,9,6,0,6,7,6,6,8,4,4,5,0,5,7,5,11,6,2,4,6,6,6,5,8,3,6,4,2,2,3,0,3,2,3,6,0,5,0,5,5,6,5,11,12,5,0,5,0,7,5,1,7,10,8,0,7,6,4,11,9,0,7,5,4,1,5,5,0,4,0
7,service,0,0,0,9,0,0,0,0,11,0,0,0,0,8,0,0,8,0,0,0,0,0,7,8,0,12,0,3,0,7,0,5,7,9,5,0,10,0,0,0,0,0,0,0,0,10,0,0,0,0,0,0,12,5,0,0,4,0,0,0,8,8,11,9,0,0,8,0,10,0,0,0,6,0,0,6,6,0,0,0
8,strong,0,0,0,0,0,0,8,0,0,0,0,0,0,0,0,5,0,0,0,0,0,0,0,0,0,4,10,6,0,10,0,8,0,7,0,0,0,0,0,0,0,0,1,0,0,0,0,0,0,0,0,10,0,0,0,0,0,10,0,0,2,9,13,0,0,4,0,0,12,0,0,6,0,0,0,0,7,0,0,2
9,hospital,4,5,2,6,5,6,4,7,5,4,12,0,3,7,0,7,9,0,9,5,9,0,6,9,0,10,5,1,3,8,0,0,6,11,4,5,6,9,5,0,0,5,11,4,5,6,4,4,0,6,5,4,10,6,6,4,11,0,8,3,0,6,12,0,4,6,7,9,7,8,4,10,7,0,4,0,3,6,3,7
10,disease,0,0,0,0,0,8,0,6,0,0,0,0,6,3,8,0,0,0,5,0,0,5,0,11,0,7,0,10,0,11,4,0,9,0,2,7,0,1,6,10,0,2,0,0,7,5,6,0,0,9,0,0,9,0,8,5,6,0,0,9,0,14,15,0,0,0,0,0,8,0,5,0,2,0,9,0,0,9,0,0
11,body,0,0,0,0,0,4,0,0,0,0,10,1,7,0,0,0,0,0,1,0,0,0,0,3,0,6,0,12,0,0,0,0,0,0,0,0,0,0,0,0,4,0,10,0,0,0,12,0,0,0,2,0,6,0,0,0,0,1,11,10,0,5,16,0,0,0,0,0,0,4,10,0,0,0,0,0,0,0,2,3
12,vigor,0,1,5,0,0,5,0,8,1,8,1,2,0,0,1,1,0,4,0,0,1,0,0,1,0,5,0,7,0,0,8,0,0,0,0,1,0,3,0,1,5,0,3,0,0,1,11,1,11,3,0,0,0,1,0,0,0,0,2,11,9,1,1,0,0,5,0,0,1,0,6,3,0,5,0,0,2,0,6,0
13,center,2,2,3,4,0,1,2,2,0,0,2,3,0,0,0,2,1,1,8,3,2,0,0,0,4,1,2,0,0,0,9,0,0,1,0,2,2,8,3,8,3,9,0,5,0,2,3,0,6,1,1,0,7,2,0,0,1,2,6,4,0,2,2,0,1,3,0,3,2,1,1,2,4,1,5,8,0,5,0,1
14,pain,3,3,4,5,6,2,3,3,2,6,3,4,1,1,0,3,2,2,2,1,3,2,3,10,3,2,3,4,1,9,5,0,4,2,6,3,3,0,0,9,2,6,4,1,3,3,2,2,2,2,3,2,8,3,1,0,2,3,3,2,3,3,3,1,2,1,1,2,0,2,2,11,0,2,0,9,0,1,7,8
15,robust,1,4,1,1,1,3,1,1,3,7,4,5,2,2,6,4,3,3,7,9,4,3,4,2,0,3,1,5,2,1,1,1,8,3,8,4,0,4,1,2,1,4,5,2,4,4,1,3,1,4,4,1,1,4,2,3,3,4,1,1,4,4,4,2,3,2,2,1,3,3,3,1,1,3,6,7,1,8,8,4
othr,,0,0,0,1,0,0,1,0,1,1,0,0,0,0,0,0,0,1,0,0,0,1,2,0,0,0,0,0,3,0,1,0,0,0,1,0,1,0,1,0,0,1,0,0,0,0,0,0,0,0,0,1,1,0,0,0,0,1,0,0,0,0,0,1,0,0,0,0,1,1,0,0,0,0,0,1,1,0,1,1
CL,mutton,0,0,0,0,0,0,0,0,0,0,0,0,0,0,0,0,0,0,0,0,0,0,0,0,0,0,0,0,0,0,0,0,0,0,0,0,0,0,0,0,0,12,0,0,0,0,0,0,0,0,0,0,0,0,0,0,0,0,0,0,0,0,0,0,0,0,0,0,0,0,0,0,0,0,0,0,0,0,0,0
1,lamb,8,5,8,4,7,7,8,3,8,1,9,5,0,10,5,5,0,8,3,3,4,3,7,8,4,6,6,1,3,1,2,3,1,6,1,3,5,11,0,4,5,2,10,3,0,7,6,2,1,6,3,4,1,6,1,2,0,10,3,3,1,8,10,10,0,3,3,7,4,8,3,6,4,5,1,1,3,1,1,3
2,sheep,9,9,9,5,9,6,9,9,6,0,10,6,0,0,4,6,9,11,5,0,11,4,8,10,10,8,8,2,0,2,7,2,2,5,0,4,6,12,3,5,9,17,9,4,0,6,5,4,2,7,9,8,2,7,2,1,0,9,4,11,2,10,12,0,4,4,0,0,5,10,9,5,8,6,2,2,4,8,2,0
3,meat,4,10,0,0,0,5,0,8,9,6,12,0,3,7,11,7,0,4,11,8,6,7,0,1,6,0,7,13,4,8,3,7,0,11,4,5,7,0,5,0,8,6,12,0,0,0,8,0,4,0,7,0,0,0,0,5,0,8,0,0,5,0,8,7,7,5,8,0,6,13,7,2,0,0,0,0,9,0,3,8
4,chops,0,6,0,0,8,8,0,11,10,2,4,4,0,8,9,8,6,6,4,2,5,5,5,0,5,0,9,7,6,14,0,0,3,7,2,9,0,8,0,0,4,7,11,5,0,0,0,5,3,3,4,5,10,8,0,7,0,3,7,5,12,7,7,8,5,9,4,6,7,6,10,7,6,8,3,3,1,7,4,4
5,beef,0,8,11,11,5,10,12,0,0,0,13,0,0,2,6,0,7,0,0,5,7,0,12,4,2,10,10,4,0,4,1,0,7,12,0,0,0,10,4,10,0,1,0,0,3,0,3,6,10,0,0,9,8,10,0,0,0,11,5,7,0,0,9,5,0,0,0,0,0,7,0,3,0,7,5,4,6,0,0,6
6,veal,11,7,10,6,11,9,7,4,11,0,11,8,0,9,7,9,0,5,10,4,8,0,0,0,7,0,0,3,0,3,10,0,6,13,3,2,0,6,0,3,3,0,8,6,0,3,4,7,0,0,5,0,9,9,9,0,0,4,6,0,11,0,11,6,10,11,0,5,0,4,6,4,5,0,0,5,7,9,0,5
7,collar,6,0,5,8,0,0,0,5,0,0,5,7,0,5,10,3,0,9,0,0,0,0,3,5,0,11,0,0,1,13,8,0,9,8,10,0,0,13,0,1,0,3,13,0,6,0,0,0,0,0,6,0,3,11,6,0,0,5,9,0,10,0,13,9,0,0,0,0,0,5,2,0,0,0,0,9,0,0,5,11
8,leg,7,0,6,9,0,0,6,0,5,0,0,0,0,6,0,0,0,10,0,0,9,0,4,9,3,9,4,8,0,0,0,0,0,0,7,0,0,9,0,0,12,8,14,0,7,8,0,0,0,4,0,0,0,12,5,0,0,6,0,0,0,0,6,0,8,10,6,0,3,0,0,0,0,0,9,8,0,0,6,0
9,eat,0,1,3,3,3,0,4,6,0,7,0,0,0,3,1,10,8,7,8,0,0,0,9,11,0,7,5,10,0,6,11,6,0,0,0,0,9,7,0,7,6,5,1,9,0,4,9,0,8,8,8,6,6,1,3,0,0,7,0,8,0,9,5,0,0,6,5,0,0,14,1,13,0,1,7,0,11,4,0,0
10,fat,2,2,4,7,4,0,11,7,0,5,3,1,0,14,2,11,1,12,9,7,10,0,11,0,9,12,11,11,0,7,0,1,0,9,0,0,0,0,0,8,0,0,2,7,5,5,11,0,11,5,0,7,7,2,4,0,0,0,0,9,0,6,0,4,6,7,7,0,9,3,0,9,7,2,6,0,2,5,0,7
11,coat,1,0,0,10,10,0,0,0,7,0,8,0,0,12,3,0,2,13,6,6,0,0,0,0,0,1,0,14,0,0,4,0,0,0,9,0,0,1,0,2,0,0,5,8,0,0,7,0,0,0,0,3,0,3,0,0,3,0,0,10,9,1,1,3,9,0,0,0,10,11,11,12,0,3,8,0,5,0,0,0
12,stew,0,3,7,0,6,1,13,0,2,0,6,2,0,11,0,0,10,1,7,0,0,6,10,7,0,2,3,12,0,10,0,0,0,1,5,0,0,2,7,9,11,0,6,0,4,0,0,0,0,0,10,10,0,0,0,0,0,12,8,0,7,4,2,11,0,0,0,4,8,9,12,10,1,0,0,10,0,10,0,9
13,fur,0,4,12,0,0,2,3,0,1,3,7,0,0,13,0,4,3,0,0,0,1,0,1,6,8,3,0,0,0,12,0,0,8,2,8,8,2,3,0,0,0,0,3,0,0,0,0,0,5,9,0,0,0,0,0,0,2,0,0,4,0,2,0,0,2,8,0,8,2,12,0,11,0,0,0,11,0,0,0,10
14,pork,5,0,1,1,1,3,2,2,3,0,1,0,1,1,0,1,0,2,1,0,2,1,0,2,11,5,1,6,5,5,5,4,4,3,11,0,3,4,6,0,1,0,4,1,1,1,1,1,6,2,1,2,4,4,7,6,0,1,2,1,4,0,3,1,0,1,1,3,0,1,5,0,2,0,0,7,10,3,7,1
15,steak,10,11,2,2,2,4,1,1,4,4,2,3,2,4,8,2,4,3,2,1,3,2,2,3,1,4,2,5,2,0,6,5,5,4,6,1,4,5,1,6,2,4,7,2,2,2,2,3,7,1,2,1,5,5,8,4,0,2,1,2,3,3,4,2,1,2,2,0,1,2,4,1,3,4,4,6,8,2,8,2
othr,,1,0,0,0,0,0,1,1,0,0,0,0,1,0,0,0,1,0,0,0,0,0,1,0,0,0,0,1,5,2,1,0,0,1,0,3,2,0,1,0,3,8,0,0,0,0,0,0,1,0,0,0,0,0,0,0,3,0,0,0,3,2,0,0,1,0,0,1,0,1,0,1,0,0,0,0,0,1,0,0
CL,rough,8,0,7,0,0,6,8,6,0,2,9,9,0,7,2,5,0,12,6,2,0,5,8,0,7,0,14,0,2,0,0,5,0,0,,0,0,0,0,3,0,0,1,5,0,7,0,0,0,0,6,0,1,0,4,0,5,0,6,3,11,8,0,0,7,0,9,7,0,9,9,0,8,0,2,3,8,10,0,2
1,smooth,0,0,5,4,3,0,7,9,10,3,7,5,7,0,3,10,6,9,11,1,6,4,0,1,8,7,10,6,1,4,2,6,1,4,,0,7,5,0,11,8,1,3,7,1,5,8,9,5,6,8,0,6,5,3,0,0,0,8,5,6,5,6,7,6,6,7,8,8,6,7,6,7,7,3,1,9,2,1,1
2,bumpy,5,6,9,5,4,0,0,0,9,0,8,6,0,3,0,11,8,10,0,0,7,0,0,2,6,9,11,7,0,10,3,0,2,9,,0,0,6,0,10,9,2,4,6,2,0,9,10,6,7,0,0,0,6,5,0,4,0,0,6,7,6,7,8,0,7,8,0,7,5,8,3,0,8,8,2,0,3,2,9
3,sea,0,0,0,0,0,0,0,11,7,0,0,0,5,8,7,0,7,11,0,0,9,0,0,5,0,0,3,0,11,9,1,0,11,0,,0,1,0,4,0,0,7,5,8,0,6,10,0,7,9,0,2,8,11,0,0,8,0,9,0,0,0,8,0,5,8,0,0,5,7,0,0,0,9,4,0,7,0,3,0
4,tough,0,0,0,0,0,0,0,0,0,0,0,0,0,0,0,0,0,0,0,0,0,0,0,0,0,0,0,5,7,5,11,0,0,6,,0,0,8,0,0,5,0,0,0,3,0,0,0,0,0,0,0,0,0,0,0,7,0,0,0,0,0,9,0,0,0,0,0,6,8,0,11,0,0,0,0,0,0,4,0
5,sandpaper,0,0,8,7,8,9,4,5,8,7,10,8,2,6,6,9,0,8,4,4,8,0,0,6,2,13,7,4,0,1,10,4,5,7,,6,6,7,3,5,0,5,7,0,7,4,7,8,8,8,4,0,9,9,7,3,6,6,4,7,9,3,11,9,8,4,6,6,0,4,0,8,0,0,0,9,5,8,0,7
6,jagged,9,0,0,8,0,0,12,0,0,8,0,0,0,5,0,0,0,0,0,3,0,1,9,3,0,8,0,10,0,3,0,0,3,8,,0,0,0,0,6,0,0,0,0,0,9,0,6,4,0,5,3,0,7,8,0,0,8,0,0,0,0,10,0,0,0,0,0,0,0,0,0,0,0,0,4,10,9,0,0
7,ready,0,0,0,0,0,0,0,0,11,0,0,0,0,0,0,6,0,7,0,0,0,0,0,0,0,0,12,0,0,0,7,0,7,11,,0,0,0,7,4,0,0,0,0,0,0,0,0,0,0,0,0,0,0,0,0,0,0,0,0,0,0,0,0,0,0,0,12,0,0,10,0,0,0,0,0,6,0,0,0
8,coarse,0,5,0,0,0,5,0,0,0,0,0,7,0,0,0,8,0,0,7,0,10,6,6,0,5,11,8,9,0,0,0,0,6,10,,0,0,9,0,9,6,4,10,10,4,0,4,4,0,5,0,0,0,10,0,0,0,7,0,0,0,9,0,10,0,9,0,10,0,10,0,0,5,0,0,0,4,4,8,0
9,uneven,4,4,0,9,5,8,9,7,1,6,6,0,0,4,4,0,0,0,5,8,0,0,3,4,0,10,4,0,0,6,4,0,0,0,,5,3,0,0,0,4,0,9,0,0,0,3,0,0,0,0,0,0,12,0,0,2,9,5,8,5,0,1,0,9,0,4,0,0,11,6,10,6,0,7,0,0,5,0,3
10,riders,0,0,1,3,0,0,11,0,0,1,1,0,0,0,0,0,0,1,0,0,0,7,7,7,3,4,5,8,0,0,8,0,10,0,,0,0,0,0,0,7,0,2,9,0,0,6,0,0,0,9,0,0,0,0,0,0,0,7,0,0,0,0,6,0,1,0,11,0,0,3,4,0,5,0,0,0,0,9,0
11,rugged,0,0,0,0,0,7,5,8,6,0,0,0,0,0,0,7,5,2,0,0,2,8,0,0,4,5,0,0,0,2,6,0,0,0,,0,0,10,0,7,0,6,0,0,0,0,5,5,3,0,10,4,2,8,0,0,0,0,0,0,0,4,0,5,0,2,0,3,0,0,2,5,0,6,5,5,0,0,5,0
12,sand ,3,3,0,6,7,1,3,4,3,0,2,1,1,0,5,1,1,3,3,0,0,0,4,0,1,3,6,3,0,11,0,2,4,0,,2,4,1,2,0,0,3,6,1,0,3,11,7,9,3,1,0,0,1,6,0,1,1,1,1,3,0,2,1,1,3,5,5,4,0,1,7,3,3,1,8,3,6,6,4
13,boards,7,0,2,0,6,2,13,3,2,0,4,2,0,0,8,2,2,4,8,6,0,0,0,0,0,6,9,2,6,0,5,3,0,3,,3,5,2,0,8,1,9,0,2,0,8,2,3,0,2,2,0,3,2,0,0,3,2,2,2,10,0,3,2,2,0,2,4,1,1,5,9,0,4,6,7,0,0,0,5
14,ground,1,0,3,1,2,3,2,2,0,5,3,3,4,1,0,3,3,5,1,7,0,2,1,0,0,1,1,0,0,7,9,7,8,1,,4,2,3,6,2,2,0,0,3,5,1,1,1,2,1,0,1,4,3,1,2,0,3,3,0,1,1,4,3,3,5,0,2,2,2,4,1,1,1,0,0,1,1,0,0
15,gravel,2,2,4,2,1,4,1,1,4,4,5,4,8,2,1,4,4,6,2,5,5,3,2,8,9,2,2,1,0,8,0,1,9,2,,1,0,4,1,1,3,8,8,4,6,2,0,2,1,0,3,0,5,4,2,1,0,4,0,4,2,2,5,4,4,0,3,1,3,3,0,2,2,2,0,6,2,7,7,6
othr,,3,1,2,1,0,0,2,0,1,0,1,0,2,0,0,0,0,0,1,0,1,0,1,0,0,0,1,0,6,0,0,0,0,0,,0,0,0,2,0,2,0,0,0,0,0,0,0,1,1,1,0,0,0,0,0,0,1,0,0,1,0,0,0,0,0,1,0,0,0,0,0,1,0,0,0,0,0,0,0
CL,carpet,0,0,8,0,0,0,6,0,0,0,0,0,0,4,0,0,0,0,0,0,0,0,9,0,0,0,0,0,0,0,0,0,0,7,0,0,0,0,0,0,0,0,0,0,0,0,3,0,0,0,0,0,8,0,0,0,0,0,0,0,0,0,6,11,0,0,0,0,7,0,0,0,0,0,3,0,0,5,0,0
1,rug,0,10,0,8,4,7,7,5,8,0,3,7,0,0,6,5,8,12,5,5,6,0,0,1,4,7,6,5,0,1,7,1,1,0,2,5,0,6,0,9,10,1,9,0,1,9,0,1,4,5,6,0,11,7,7,4,7,5,10,5,9,3,0,6,5,9,0,6,0,5,6,10,6,8,0,1,3,0,1,8
2,floor,7,11,0,0,5,8,0,8,7,7,2,0,7,6,7,6,0,13,6,6,7,0,10,3,3,8,12,11,0,2,8,2,12,8,3,9,0,7,0,0,0,2,0,0,2,0,0,0,0,6,7,0,12,8,8,0,4,6,6,6,8,0,5,8,0,10,0,7,0,11,9,11,7,9,4,2,9,0,2,6
3,soft,8,6,7,0,2,6,5,10,9,0,4,0,0,0,4,10,0,14,0,0,8,0,0,2,1,9,11,6,7,3,5,0,11,0,7,6,0,2,0,3,6,5,1,0,0,4,4,0,6,0,0,6,0,0,0,0,0,7,0,0,10,9,7,0,6,12,4,8,10,12,7,6,0,7,0,3,0,0,3,4
4,red,4,9,10,5,3,0,8,0,10,0,5,5,0,9,8,7,6,0,0,0,9,3,8,0,2,11,7,7,0,4,12,4,2,6,5,7,0,0,0,1,7,4,2,6,6,2,5,0,0,7,0,5,6,5,2,0,6,8,11,7,6,2,8,9,9,8,3,9,5,7,1,3,5,5,7,0,10,9,0,0
5,sweeper,9,3,9,7,7,0,0,0,0,8,12,0,0,10,0,9,0,6,0,0,0,0,0,8,0,6,0,0,0,5,9,0,3,0,9,0,0,0,0,8,9,3,7,7,0,6,7,0,3,0,0,0,10,0,0,0,11,10,0,0,11,12,0,0,10,11,0,0,0,0,0,12,0,0,0,4,0,0,0,0
6,tack,0,0,0,0,6,4,0,9,0,0,0,8,0,0,0,0,0,7,0,0,0,0,0,0,0,0,10,0,0,6,10,0,7,0,0,0,0,0,0,0,0,0,10,10,0,10,6,0,0,0,0,0,7,10,0,3,0,0,9,0,12,0,12,0,0,7,0,0,0,10,0,13,0,0,10,0,7,0,4,9
7,walk,0,0,0,0,0,5,11,0,0,0,0,9,2,0,0,0,0,5,0,0,0,0,0,0,0,0,8,0,0,0,11,0,0,0,4,0,0,11,0,0,0,0,0,0,0,5,0,0,0,0,0,8,0,0,0,2,0,0,8,0,13,11,10,0,0,5,0,0,9,0,0,14,0,0,0,0,8,0,5,10
8,bag,0,4,0,0,0,0,13,0,0,0,11,0,0,0,0,0,0,8,0,0,0,0,0,10,0,0,9,0,0,0,0,0,4,0,0,0,0,0,0,0,0,0,0,9,0,0,0,0,0,0,0,0,0,9,0,0,0,0,0,0,0,10,11,0,0,0,0,0,0,0,0,0,0,0,6,0,0,0,0,11
9,room,6,0,1,0,8,0,14,7,0,1,8,0,5,0,0,0,0,9,0,0,0,0,7,6,0,10,13,0,2,7,0,0,0,10,0,0,0,9,0,0,0,0,0,0,0,1,0,0,8,0,0,4,3,0,0,0,0,0,7,8,5,1,13,0,7,0,0,10,8,8,0,8,0,0,0,0,0,7,0,0
10,blue,0,8,0,6,9,0,9,0,5,6,1,6,0,7,9,8,7,10,0,0,5,0,3,7,7,12,5,8,0,8,13,3,6,0,6,8,0,8,4,2,8,6,8,5,7,3,8,0,9,0,0,7,5,6,1,0,5,9,12,9,7,8,9,10,8,0,0,11,6,6,2,4,0,6,8,0,11,10,0,0
11,chair,5,0,2,0,10,9,10,6,6,0,10,11,0,8,5,0,1,11,0,0,0,5,4,0,0,5,4,9,0,0,6,0,5,5,0,0,2,10,5,0,4,8,11,8,3,8,0,5,7,4,0,0,0,0,0,0,8,11,5,10,0,0,1,1,0,6,0,5,4,9,0,9,0,0,5,0,4,8,0,0
12,thick,0,5,3,1,0,0,2,2,4,2,13,1,0,1,0,3,2,1,1,1,1,6,6,11,0,1,0,2,6,12,3,6,9,1,10,2,4,1,3,4,5,0,3,1,0,0,0,2,5,0,1,0,9,1,5,0,9,1,1,1,3,5,0,2,1,3,0,2,11,1,8,7,4,1,0,0,5,3,0,5
13,deep,3,7,4,2,0,2,3,3,1,3,9,2,8,2,1,4,3,2,2,2,2,4,5,0,6,2,1,3,3,11,4,7,0,2,0,3,3,3,0,5,3,0,4,2,0,0,0,0,0,1,2,0,4,2,3,0,3,2,2,2,2,6,2,3,2,4,0,3,1,2,4,5,1,2,0,7,0,4,7,3
14,magic,2,1,5,3,11,1,4,4,2,4,7,3,1,3,2,1,4,3,3,3,3,7,1,4,5,3,2,4,1,9,1,5,8,3,1,4,0,4,1,7,1,7,5,3,4,0,1,4,2,2,3,1,1,3,4,5,2,3,3,3,4,4,3,4,3,2,1,4,2,3,3,2,2,3,1,5,2,2,8,1
15,wool,1,2,6,4,1,3,1,1,3,5,6,4,0,5,3,2,5,4,4,4,4,8,0,5,0,4,3,1,5,10,2,8,10,4,8,1,0,5,0,6,2,0,6,4,5,7,2,3,1,3,4,2,2,4,6,1,1,4,4,4,1,7,4,5,4,1,2,1,3,4,5,1,3,4,2,6,1,1,6,2
othr,,0,0,0,1,0,0,1,0,0,0,0,1,3,0,0,0,0,0,0,0,0,3,1,1,0,0,0,0,6,0,0,0,0,1,0,1,2,0,1,0,1,2,0,0,0,0,0,0,0,0,1,1,0,0,0,0,1,0,0,0,0,0,0,1,0,0,1,0,0,0,0,1,0,0,1,0,1,2,0,1
CL,justice,0,0,0,0,0,0,8,0,9,0,11,5,4,0,0,0,0,0,0,3,0,8,0,0,0,0,5,0,0,0,9,0,0,11,0,0,0,4,0,6,0,7,0,0,0,0,4,0,0,0,10,0,0,0,0,0,5,0,0,0,0,0,12,9,0,0,6,9,0,0,3,3,0,0,8,0,0,0,0,7
1,peace,3,9,5,5,10,0,0,5,7,6,0,0,8,3,0,0,0,9,0,0,0,0,3,1,0,9,0,0,0,11,2,5,0,9,9,5,0,0,0,0,12,0,0,7,1,0,7,0,3,6,9,0,2,7,0,1,4,0,10,1,1,3,1,4,0,10,1,8,5,1,6,6,0,4,1,1,0,9,1,8
2,law,6,10,0,6,0,0,0,10,8,0,1,0,0,4,5,10,8,5,9,4,8,5,5,2,0,7,0,12,7,12,3,6,0,0,1,0,0,0,5,0,7,2,10,9,2,8,0,0,6,7,0,0,4,6,0,2,0,0,6,2,2,4,2,5,10,4,2,10,0,2,7,0,0,5,10,2,7,10,2,9
3,courts,0,11,0,0,2,5,6,8,5,0,6,0,0,0,0,0,0,8,0,8,0,7,0,6,5,11,4,8,8,0,7,0,0,7,4,0,6,7,2,4,11,1,3,0,0,9,9,6,2,0,7,5,3,10,0,3,7,0,9,3,5,10,6,8,0,3,3,4,6,10,2,8,3,0,11,3,0,4,4,10
4,judge,5,6,6,0,0,6,5,9,6,0,7,8,0,0,0,9,2,7,3,0,9,0,8,0,0,6,6,3,10,7,4,7,7,4,5,8,10,11,1,2,0,6,9,3,0,5,0,0,4,8,8,3,8,5,0,6,0,4,5,4,4,6,7,0,6,8,4,0,7,11,0,0,4,6,2,0,9,3,3,0
5,right,0,7,0,0,7,12,3,0,0,0,2,7,0,0,7,7,0,0,7,0,6,0,0,11,7,10,0,11,0,4,0,0,0,0,0,0,0,0,0,0,14,12,0,0,0,0,8,0,0,0,0,6,9,9,5,0,0,0,0,0,0,11,0,0,9,0,0,7,0,0,0,0,0,0,9,0,8,0,5,11
6,liberty,0,8,0,0,8,13,9,0,0,4,5,0,7,0,0,0,0,0,0,6,0,0,6,8,0,0,0,9,0,5,0,0,0,8,6,0,0,9,4,3,0,11,7,8,0,0,0,8,1,0,6,8,5,8,6,5,8,5,0,0,0,12,10,7,0,11,5,0,0,13,0,0,0,0,6,0,6,0,0,0
7,government,0,0,8,0,11,0,0,0,0,0,0,0,3,7,6,6,0,11,0,0,0,0,0,9,0,8,2,0,0,13,0,0,8,0,0,7,0,0,0,0,5,3,8,0,0,0,6,1,0,0,0,7,0,0,0,0,0,0,0,0,10,0,13,0,0,0,0,0,0,5,0,4,0,0,0,0,0,5,0,0
8,jury,4,0,7,0,9,0,4,0,0,0,13,0,0,6,0,4,0,10,6,0,7,0,0,5,0,12,0,2,5,6,10,0,9,0,10,4,5,6,3,0,13,8,5,4,0,4,0,0,0,0,0,4,0,0,7,0,6,0,0,9,0,5,9,6,7,9,0,6,8,6,8,1,0,0,3,0,5,0,0,0
9,truth,0,4,9,0,0,8,0,7,0,0,3,0,0,0,2,0,0,12,5,0,0,0,0,0,0,0,8,0,3,8,0,0,4,0,8,0,9,0,0,0,9,0,11,0,6,0,0,4,7,0,0,0,0,0,0,0,0,6,7,0,0,7,0,0,8,0,0,0,0,0,0,0,0,0,0,0,0,0,9,6
10,blind,0,5,0,3,0,9,0,4,0,0,4,0,0,0,3,5,3,13,0,0,5,0,0,0,2,0,7,5,4,10,5,0,1,0,2,10,0,10,0,0,0,10,4,6,0,0,5,0,0,1,0,9,0,0,0,0,0,7,8,5,0,0,8,0,1,0,8,5,4,8,4,5,0,0,7,7,11,7,6,5
11,fair,0,1,0,0,6,10,10,6,1,5,12,6,0,0,4,8,0,6,4,0,0,0,4,12,0,5,0,4,9,0,0,0,3,5,3,9,8,5,0,0,6,0,6,5,0,6,0,5,8,2,1,10,0,4,0,0,9,0,0,6,7,8,11,2,2,5,0,0,3,9,0,0,6,0,0,0,4,6,0,4
12,supreme,0,0,1,8,1,4,2,0,2,1,0,3,5,2,0,0,0,1,8,7,1,4,0,10,0,0,1,7,6,9,8,1,2,6,0,2,1,8,0,5,8,4,2,0,0,7,0,7,0,0,2,0,7,0,4,0,0,0,3,0,8,9,4,0,3,6,0,3,0,0,1,9,5,0,0,4,10,8,0,1
13,crime,0,0,2,1,4,1,0,3,0,0,10,4,0,0,0,1,1,2,0,0,2,1,9,0,1,3,0,10,0,1,0,3,0,1,0,1,2,1,7,0,4,0,0,0,3,1,3,0,5,3,3,0,10,1,1,0,0,1,4,7,0,13,0,0,0,7,0,0,9,7,0,0,0,3,0,0,3,2,0,0
14,department,1,3,3,2,5,2,0,2,3,2,8,2,2,0,0,2,4,3,2,1,3,2,1,3,3,2,0,6,2,2,6,2,6,2,7,6,3,2,0,0,2,9,0,1,4,2,2,2,0,4,4,2,6,2,2,7,2,2,1,8,3,1,3,1,4,1,0,2,1,3,5,0,1,1,4,5,2,0,7,2
15,trial,2,2,4,4,3,3,1,1,4,3,9,1,1,1,1,3,5,4,1,2,4,3,2,4,4,1,3,1,1,3,1,4,5,3,0,3,4,3,6,1,1,5,1,2,5,3,1,3,0,5,5,1,1,3,3,4,3,3,2,10,6,2,5,3,5,2,7,1,2,4,9,2,2,2,5,6,1,1,8,3
othr,,1,0,0,1,0,1,1,0,0,0,0,0,1,1,0,0,2,0,0,1,0,0,2,1,2,1,0,0,0,0,0,1,0,1,0,0,1,0,0,1,0,0,0,0,0,0,0,0,0,0,0,0,0,0,0,0,2,0,0,1,1,0,0,0,0,0,0,0,1,1,0,1,0,1,0,0,0,0,0,0
CL,bitter,0,0,0,0,0,0,0,0,0,0,0,0,0,0,0,0,10,0,0,0,0,0,0,0,0,0,0,0,0,0,0,0,0,0,0,0,0,0,0,0,0,0,0,0,0,0,0,0,0,0,0,0,0,0,0,0,0,0,0,0,0,0,0,0,0,0,0,0,0,0,0,0,0,0,0,0,0,0,0,0
1,sweet,9,8,8,6,3,10,7,8,7,8,7,8,4,7,4,9,6,10,8,5,5,3,4,8,7,6,8,7,9,1,6,2,2,8,2,4,4,1,5,9,1,3,3,6,1,10,5,5,1,6,9,6,1,4,6,2,3,10,3,1,1,10,7,5,8,5,1,9,6,8,7,0,6,8,7,1,3,2,1,6
2,sour,10,9,9,5,4,11,8,0,8,9,8,9,0,8,0,10,7,11,9,6,6,4,5,9,6,7,9,4,10,2,7,3,3,9,3,5,6,2,6,10,2,4,4,7,2,11,6,6,2,7,10,5,2,5,7,5,4,11,4,2,2,9,8,6,9,6,2,5,5,7,8,6,7,9,8,2,4,3,2,7
3,taste,0,7,0,0,7,0,9,12,6,11,15,10,8,0,3,8,0,12,12,7,7,5,0,0,0,14,10,0,11,0,0,0,9,10,1,7,8,3,7,11,3,5,9,9,7,9,0,0,0,8,0,7,10,10,8,3,5,12,0,5,9,11,9,0,0,7,3,0,0,9,0,8,8,7,0,0,7,11,4,0
4,chocolate,5,5,5,7,6,0,5,7,0,7,6,7,0,6,5,6,8,13,10,8,8,0,8,7,0,13,7,6,3,3,8,7,1,11,0,6,5,10,4,0,4,0,0,8,0,8,8,0,3,9,11,9,0,0,0,0,6,13,7,3,4,0,10,7,4,0,4,7,9,10,9,9,10,5,1,3,6,5,3,8
5,rice,0,6,10,0,0,12,6,9,11,10,9,6,0,5,8,7,0,14,11,0,10,0,9,0,0,15,11,0,1,12,4,4,0,12,5,10,0,11,0,7,7,0,0,5,0,7,7,7,4,0,0,0,6,0,0,0,0,9,6,4,3,0,11,8,10,9,0,8,8,5,0,10,9,6,2,6,5,0,0,9
6,cold,0,0,0,0,0,13,11,10,10,0,14,0,0,0,0,0,0,5,0,0,0,0,0,6,0,12,0,0,0,5,5,0,0,6,0,0,3,12,0,0,6,7,0,0,0,0,0,0,0,0,6,0,0,6,0,0,0,8,0,0,11,12,12,0,5,0,0,0,0,0,0,0,0,10,3,8,0,0,0,0
7,lemon,0,2,0,4,5,3,10,0,0,1,10,0,3,0,7,0,0,15,7,0,0,0,10,10,5,11,0,3,6,4,9,0,4,5,4,3,2,9,8,8,0,6,5,0,0,6,0,0,0,0,8,3,3,7,0,0,7,3,5,0,8,8,2,0,7,8,8,0,3,14,3,7,0,11,9,7,9,0,0,0
8,angry,0,4,6,0,0,8,3,5,9,12,12,11,7,0,0,3,9,8,4,0,0,0,12,2,0,10,5,0,0,6,0,1,7,0,0,0,0,0,9,1,0,9,8,0,0,1,10,0,8,10,7,8,7,9,9,0,0,5,11,0,0,7,4,1,6,0,0,10,0,12,6,11,0,13,0,10,8,8,0,0
9,hard,0,3,0,0,9,4,12,4,0,0,11,3,0,0,0,0,1,6,5,0,0,0,11,4,0,5,6,10,7,7,0,0,0,7,0,9,0,0,0,2,5,8,0,0,0,0,9,0,5,0,5,0,0,8,0,0,0,7,9,11,0,6,1,0,0,10,0,0,0,11,4,12,0,12,10,0,0,7,0,0
10,mad,1,0,0,0,0,9,4,6,0,0,4,4,6,9,0,0,0,7,0,0,0,0,13,3,0,9,0,8,5,8,0,8,8,13,0,0,0,0,0,3,0,0,0,0,0,2,11,0,0,0,12,0,8,0,10,0,0,6,10,0,0,13,0,9,0,11,0,0,7,13,0,13,1,0,0,11,10,6,0,0
11,acid,3,0,11,3,0,5,0,0,1,3,0,5,0,0,6,4,5,9,3,3,2,0,3,0,1,4,4,5,4,0,0,0,6,0,0,0,0,8,0,4,11,0,6,4,6,0,4,0,0,1,0,4,9,0,5,0,0,0,12,10,10,5,3,2,0,1,5,6,0,6,5,14,5,1,6,9,0,0,7,4
12,almonds,6,0,1,0,8,6,0,3,5,2,5,0,0,3,2,0,2,1,6,4,9,0,6,5,0,3,1,9,2,11,3,6,0,1,7,0,0,5,3,0,8,0,7,3,5,3,12,1,0,2,3,0,0,11,1,1,0,4,8,7,7,2,5,10,0,0,6,3,0,2,0,4,2,2,0,4,0,9,5,5
13,herbs,0,0,2,0,0,7,0,11,2,4,1,0,0,4,0,5,0,2,0,0,1,0,0,1,2,8,0,0,0,0,0,0,5,2,0,0,0,4,0,0,0,0,0,0,0,0,1,2,0,3,0,10,11,1,2,0,1,14,0,0,0,1,0,0,1,2,0,4,2,1,0,1,0,0,0,0,0,10,8,1
14,grape,2,0,3,1,1,1,1,1,3,5,2,1,1,2,0,1,3,3,1,1,3,1,1,11,3,1,2,2,0,9,1,0,0,3,0,1,0,6,1,5,9,1,1,2,3,4,2,3,6,4,2,2,4,2,3,0,0,2,1,8,6,3,0,3,2,3,0,1,0,3,1,2,3,3,4,0,1,1,0,2
15,fruit,4,1,4,2,2,2,2,2,4,6,3,2,2,1,1,2,4,4,2,2,4,2,2,12,4,2,3,1,12,10,2,5,0,4,6,2,1,7,2,6,10,2,2,1,4,5,3,4,7,5,1,1,5,3,4,4,2,1,2,6,5,4,6,4,3,4,7,2,4,4,2,3,4,4,5,5,2,4,6,3
othr,,2,0,2,0,0,0,0,0,0,0,0,0,1,1,0,0,0,0,0,0,0,0,0,0,0,0,0,0,1,0,0,0,0,0,0,0,1,0,0,0,0,0,0,0,0,0,0,0,0,0,1,0,0,0,0,0,0,0,0,0,0,0,0,0,0,0,0,0,2,0,0,0,0,0,0,0,0,0,0,0
CL,long,0,0,0,0,0,0,0,0,0,0,0,0,0,0,0,0,0,0,0,0,0,0,0,0,0,0,10,0,0,0,0,0,0,0,0,0,0,0,0,0,0,0,0,0,0,0,0,0,0,0,0,0,0,0,0,0,0,0,0,0,0,0,0,0,0,0,0,0,0,14,0,0,0,0,0,0,0,0,0,0
1,short,9,9,7,3,0,9,7,8,9,7,6,8,6,4,2,0,8,10,5,7,0,0,6,1,5,10,6,8,0,1,0,7,3,7,1,0,0,6,8,8,1,7,2,1,4,4,4,7,5,1,6,4,1,8,3,0,3,4,5,2,8,8,6,6,0,6,6,9,7,13,8,8,7,6,7,1,0,4,1,8
2,fellow,0,0,10,0,0,0,0,0,0,9,7,0,8,0,5,0,0,9,6,8,0,7,8,2,7,11,0,9,0,2,8,8,4,9,2,0,2,7,0,10,0,0,4,2,0,9,6,8,6,0,8,0,2,9,7,0,4,5,7,0,9,0,0,7,6,7,7,7,6,0,9,9,0,7,0,2,0,9,2,7
3,narrow,7,10,8,0,8,10,9,7,10,0,0,7,5,0,4,5,7,0,10,0,0,8,0,0,6,0,7,7,0,3,7,9,6,8,3,0,10,5,7,9,2,0,1,4,0,2,5,0,7,2,0,6,6,6,5,0,7,0,8,11,6,9,0,0,7,9,8,0,0,9,0,5,8,9,0,3,0,5,3,0
4,John,6,8,11,2,7,8,6,10,8,8,8,6,0,0,0,6,9,8,4,0,6,6,0,10,4,12,0,5,6,5,5,5,5,13,7,0,1,8,0,7,4,0,0,3,0,1,3,0,0,0,0,0,0,7,0,0,0,6,0,4,5,6,9,8,8,8,5,6,5,12,5,10,9,5,3,5,5,7,4,6
5,time,0,6,0,0,0,0,0,0,13,11,0,0,0,0,0,0,0,11,0,0,0,0,0,0,0,0,0,0,0,0,0,0,0,0,0,0,0,0,0,4,6,10,8,0,0,0,0,0,0,0,10,0,0,0,0,0,6,0,6,0,0,10,0,0,0,0,0,0,0,8,0,13,0,0,0,0,6,6,0,0
6,far,0,7,0,0,0,4,0,0,12,12,0,0,9,0,0,0,0,7,8,0,0,0,0,0,0,8,0,0,0,7,0,0,0,0,0,0,6,0,0,5,0,0,11,0,0,0,0,6,0,0,11,0,0,0,0,0,0,0,0,0,0,11,0,0,0,0,0,0,0,5,0,15,0,12,0,0,0,0,0,0
7,hair,0,0,6,0,0,7,0,9,11,0,9,0,11,0,9,0,0,0,0,0,0,0,0,3,0,9,8,0,5,0,6,0,0,14,0,0,0,9,0,0,0,0,10,9,0,3,9,0,0,0,0,0,0,0,0,0,9,8,0,0,0,12,5,0,0,0,0,0,0,0,0,12,0,8,8,0,0,0,0,0
8,island,5,0,0,6,0,6,5,12,5,3,11,0,0,0,7,0,6,6,7,9,0,0,0,4,0,6,5,0,3,0,9,0,1,12,6,0,0,4,0,0,0,4,6,8,0,5,7,5,0,4,0,3,8,10,2,0,10,0,0,5,4,13,0,0,0,0,0,5,8,6,7,4,0,11,5,0,0,0,5,0
9,road,0,0,0,0,0,5,4,11,3,0,0,0,2,0,0,0,0,12,0,0,0,0,0,0,0,13,11,0,7,6,0,0,7,10,4,2,8,0,3,0,0,5,0,0,0,6,8,0,8,0,0,2,9,11,0,0,0,0,0,10,0,14,8,0,0,0,0,0,0,7,0,7,3,13,6,0,7,10,0,0
10,thin,8,4,9,0,6,11,8,6,6,5,10,0,4,0,3,0,1,0,9,0,0,1,7,9,8,0,0,10,0,4,4,10,0,0,0,3,4,0,0,0,3,6,3,0,0,0,0,0,0,3,4,5,11,5,4,0,0,0,0,1,7,7,7,0,1,0,0,8,1,10,3,6,0,10,0,0,0,3,0,4
11,underwear,10,5,5,4,5,12,0,5,7,6,1,5,7,6,8,0,2,5,0,5,5,4,5,7,0,5,9,6,4,0,10,6,0,6,0,4,5,10,4,0,10,8,0,7,3,7,0,4,4,5,9,8,10,0,6,1,8,7,9,8,10,5,0,1,2,5,4,0,2,11,4,11,5,0,4,7,0,8,0,5
12,distance,4,0,1,0,4,3,0,4,1,10,2,4,10,5,6,4,3,1,0,4,4,3,1,8,0,4,0,1,2,8,0,4,2,5,0,5,7,1,5,6,8,9,7,0,2,0,2,0,0,7,5,0,12,1,0,3,5,0,3,0,0,4,4,2,4,4,0,4,3,1,0,14,6,1,0,4,4,0,7,0
13,line,2,1,2,5,1,0,3,0,2,1,0,1,1,1,0,1,4,2,0,2,1,2,2,5,1,1,1,2,0,10,1,1,0,1,5,0,0,0,0,1,7,1,0,0,0,0,0,1,1,0,1,0,3,2,0,2,1,1,4,9,1,1,1,3,3,1,1,2,0,2,0,1,1,2,0,8,2,2,0,1
14,low,3,2,3,0,2,1,2,3,0,2,4,2,0,2,0,2,0,3,3,3,2,0,3,0,2,2,2,3,0,0,2,2,8,2,8,0,9,2,0,2,9,2,0,5,0,0,0,2,2,9,2,0,4,3,0,0,0,2,1,7,2,3,2,4,0,2,2,3,0,3,2,2,2,3,2,0,3,0,0,2
15,rope,1,3,4,1,3,2,1,1,4,4,5,3,0,3,1,3,5,4,1,1,3,5,4,6,3,3,3,4,1,9,3,3,0,4,9,0,0,3,1,3,5,3,9,6,1,0,1,3,3,6,3,1,5,4,1,4,2,3,2,6,3,2,3,5,5,3,3,1,0,4,6,3,0,4,1,6,1,1,8,3
othr,,0,0,0,0,1,0,0,1,0,0,1,0,1,0,0,0,0,0,1,1,0,0,0,0,0,1,1,0,0,0,0,0,1,1,0,1,1,1,2,0,0,0,1,0,0,0,0,0,0,1,2,1,1,0,0,0,0,0,0,1,0,0,0,0,0,1,0,0,2,0,0,0,1,0,0,0,0,1,1,0
CL,citizen,0,0,0,0,0,0,0,0,0,0,0,0,0,0,0,0,0,9,0,8,0,0,0,0,3,0,0,0,0,0,0,0,0,0,0,0,0,0,0,0,5,0,10,0,0,0,0,7,0,0,0,0,0,0,0,0,0,0,0,0,0,0,0,0,11,0,0,0,8,0,0,0,0,0,0,0,0,0,0,0
1,United States,6,8,3,7,5,9,8,0,10,1,1,8,6,9,2,4,4,10,5,7,8,4,1,1,1,10,6,2,5,1,9,1,2,5,1,6,1,1,5,5,11,1,9,5,2,3,8,3,6,9,8,7,1,7,1,5,7,6,8,1,1,5,1,4,9,3,1,10,4,9,6,3,1,1,1,1,1,1,1,7
2,man,0,9,0,0,6,11,0,0,9,0,2,5,7,7,9,6,0,0,0,10,6,6,6,2,7,9,11,4,0,2,4,5,4,9,6,0,2,2,6,2,10,8,7,10,0,13,9,0,11,10,9,6,2,8,0,0,5,8,0,2,2,6,2,5,0,4,2,9,6,0,2,14,9,2,3,2,2,2,2,10
3,person,0,0,9,9,0,12,6,0,7,0,3,6,2,8,7,8,0,0,0,9,5,5,8,3,8,5,0,7,0,3,5,9,0,6,7,7,0,3,0,3,9,0,8,11,0,9,0,0,10,0,0,5,0,0,0,0,0,0,10,0,3,7,3,6,0,5,3,11,0,11,3,13,0,3,0,0,0,3,3,0
4,American,0,0,4,0,0,13,0,0,11,0,10,0,0,0,1,9,0,0,0,0,7,0,0,0,10,0,0,3,0,0,12,11,3,0,0,9,0,0,10,0,12,0,6,0,0,11,2,0,0,11,0,8,0,0,8,0,0,9,0,0,4,8,0,0,0,0,0,8,0,0,4,2,7,7,2,0,0,0,5,0
5,country,0,0,0,8,7,10,11,0,12,0,0,0,11,0,3,12,0,0,8,0,0,8,0,0,0,8,12,0,9,13,0,10,11,0,0,10,11,0,0,0,14,0,0,0,0,0,0,0,7,13,0,0,0,0,0,0,9,7,0,9,10,12,12,11,0,0,11,6,9,10,5,4,0,0,0,0,10,0,4,11
6,alien,5,4,0,3,4,3,0,9,13,7,4,7,10,3,4,10,7,0,4,5,0,0,0,8,5,7,4,9,10,7,7,7,9,0,0,0,0,8,3,11,0,5,0,9,6,10,6,5,8,2,6,0,0,0,7,0,0,1,5,0,6,14,4,9,10,9,6,12,0,3,8,9,6,9,9,0,7,4,0,5
7,people,0,0,10,10,0,4,5,0,0,0,0,0,3,0,8,0,10,7,11,0,0,0,0,0,0,6,10,0,0,4,6,0,0,0,0,8,3,4,8,0,0,9,0,0,0,5,10,8,0,0,10,0,0,0,6,0,8,0,11,0,0,0,13,7,0,6,4,0,0,6,1,0,0,0,4,8,4,0,0,0
8,vote,3,0,6,12,0,5,0,7,6,8,0,0,12,6,0,0,9,4,6,0,0,0,7,9,9,11,8,12,1,12,0,0,10,0,5,5,4,0,7,7,0,0,0,8,0,0,11,9,4,8,4,0,9,0,0,0,6,4,0,6,9,0,11,0,7,0,0,13,0,7,0,12,11,10,6,10,0,6,7,8
9,me,0,5,8,5,0,7,7,6,8,3,12,9,0,5,0,5,5,3,7,2,0,0,2,4,2,12,9,5,7,0,13,8,12,7,0,11,0,0,0,4,7,4,5,6,0,6,1,0,5,7,5,0,4,6,5,0,0,5,3,8,0,11,5,0,8,0,5,5,10,8,10,1,10,6,5,0,3,7,6,9
10,patriot,0,6,2,6,0,8,0,8,0,0,5,0,0,0,0,0,6,5,10,3,0,0,0,10,0,0,7,6,8,5,10,6,5,8,0,0,0,11,11,8,6,0,0,7,4,7,3,6,12,12,0,0,3,0,0,0,0,0,4,0,0,9,6,0,6,0,9,7,7,12,0,11,8,4,0,7,6,0,0,4
11,flag,0,7,0,11,8,0,9,5,1,0,6,0,9,0,0,7,8,11,9,0,0,7,0,0,11,13,0,8,0,6,11,0,0,10,0,0,10,5,9,0,8,2,0,4,3,8,4,0,13,6,0,1,0,1,0,1,0,10,9,0,0,10,0,3,5,11,10,0,5,2,0,10,0,5,10,6,5,0,0,12
12,foreigner,7,0,7,13,0,1,2,3,2,4,9,0,4,0,6,11,3,6,3,4,1,0,5,6,0,1,5,0,4,9,8,4,1,2,0,1,6,9,2,10,1,10,4,0,5,12,0,0,9,3,7,0,5,2,2,2,4,11,6,3,8,4,7,8,4,8,0,3,0,5,0,7,5,8,0,3,8,5,0,6
13,France,4,1,5,4,2,2,3,4,5,2,8,2,0,4,0,3,1,8,2,6,2,1,9,7,4,2,3,11,3,11,3,0,6,3,2,0,0,10,0,6,2,6,1,1,7,4,5,0,2,4,3,0,6,3,3,3,0,3,7,5,5,1,8,2,3,10,8,4,3,1,7,5,2,0,7,9,9,0,8,0
14,immigrant,2,2,0,2,1,14,4,1,3,0,11,3,5,2,5,1,2,1,1,0,3,2,3,5,6,3,1,10,2,8,2,2,8,1,3,3,5,6,1,9,3,7,2,2,8,1,7,1,3,5,2,3,7,4,4,0,2,0,1,7,7,2,10,10,2,2,7,2,2,4,9,6,3,0,8,4,0,0,9,2
15,member,1,3,1,1,3,6,1,2,4,6,7,1,1,1,0,2,0,2,0,1,4,3,4,0,0,4,2,1,6,0,1,3,7,4,0,4,9,7,4,1,4,3,3,3,1,2,0,2,1,1,1,4,8,5,0,4,3,2,2,4,0,3,9,1,1,1,0,1,1,0,0,8,4,0,0,5,0,0,0,3
othr,,0,0,0,0,0,0,2,0,2,1,0,0,1,1,0,0,0,0,0,1,0,0,0,0,0,0,0,0,0,1,0,0,0,0,1,1,2,0,0,0,0,0,0,0,0,0,0,1,0,0,0,1,0,0,0,0,1,0,0,0,0,1,0,0,0,0,0,1,0,0,0,0,0,0,0,0,1,0,0,1
CL,butterfly,0,0,0,0,0,0,0,0,0,0,0,0,0,0,0,0,0,0,0,0,0,0,0,0,0,0,0,0,0,0,0,0,0,0,0,0,0,0,0,0,0,0,0,0,0,0,0,0,0,0,0,0,0,0,0,0,5,0,0,0,0,0,0,0,0,0,0,0,0,0,0,0,0,0,0,0,0,0,0,0
1,moth,0,6,3,0,6,5,6,0,11,10,9,5,0,6,6,7,5,13,4,2,8,0,6,1,7,11,4,9,2,1,5,1,3,0,5,7,0,4,0,9,7,4,8,0,5,6,9,4,8,1,6,5,1,7,0,7,0,6,1,1,1,6,2,4,0,3,7,8,6,1,6,1,3,6,3,1,6,7,1,10
2,insect,1,9,5,9,7,7,12,6,12,0,11,0,6,0,8,8,8,12,0,3,10,1,8,2,5,10,3,10,6,2,4,2,2,5,4,10,7,5,2,10,9,0,9,10,6,7,8,5,9,0,13,8,4,8,1,8,8,7,6,3,2,8,3,5,3,0,8,7,8,4,0,6,4,7,0,2,7,10,2,4
3,wing,8,0,10,13,9,8,7,7,13,8,8,0,7,0,7,9,6,11,8,1,9,0,0,5,9,13,0,7,8,3,0,0,9,0,1,0,8,11,3,0,11,8,10,9,8,8,0,0,0,0,7,9,3,10,3,0,0,0,0,2,0,7,1,6,5,5,0,9,0,2,8,3,0,13,4,9,8,0,0,11
4,bird,0,5,11,12,8,10,5,0,6,9,10,6,8,0,10,10,7,9,0,0,7,0,0,9,10,8,5,6,3,4,8,6,11,8,3,0,0,12,4,8,10,9,7,7,9,9,10,0,0,6,5,11,6,0,0,5,6,10,0,4,11,0,7,7,7,8,4,11,0,3,5,4,0,10,6,0,9,0,0,2
5,fly,0,0,4,11,11,6,9,0,7,0,0,7,9,8,9,11,10,10,7,0,0,5,9,0,11,14,0,8,10,5,0,0,6,9,2,0,0,13,0,0,8,7,11,0,0,0,12,0,0,7,4,10,2,0,2,6,7,0,0,7,9,10,8,0,6,7,5,10,0,0,7,5,8,0,5,8,0,0,3,3
6,yellow,9,4,0,1,1,2,4,8,9,4,6,0,4,0,4,3,12,8,5,0,0,0,3,8,8,9,12,0,4,6,7,0,10,7,9,0,6,14,7,7,0,6,6,6,0,4,11,0,6,4,8,0,10,6,0,0,0,11,9,6,10,11,9,8,8,6,6,6,5,9,9,2,2,9,7,10,10,4,5,12
7,net,0,10,0,6,0,3,8,11,8,0,0,0,0,0,0,0,0,0,0,0,0,0,0,11,0,0,6,12,0,7,0,0,0,6,11,0,0,0,6,6,0,11,12,0,0,5,6,0,0,0,10,6,5,9,0,0,0,9,0,0,5,12,10,9,10,0,0,0,0,12,2,10,0,0,10,0,0,11,0,0
8,flower,0,0,8,0,0,0,0,9,0,6,12,0,0,0,5,0,0,6,0,0,0,0,4,0,0,12,7,0,0,0,6,0,7,0,8,8,5,8,0,0,0,0,0,8,0,11,7,0,4,0,9,7,13,0,0,2,4,0,8,0,4,15,0,0,0,4,0,0,4,11,10,12,0,3,0,11,2,5,8,8
9,bug,0,3,0,8,0,12,0,0,1,0,0,0,0,0,0,0,9,14,0,0,0,0,0,10,0,7,0,0,0,0,9,0,1,0,0,6,0,6,10,0,0,0,0,0,0,10,0,0,10,0,0,12,0,0,0,0,0,8,5,0,3,14,0,0,0,0,0,0,0,0,0,7,0,0,0,3,11,8,0,0
10,cocoon,6,7,6,7,5,4,11,3,10,5,1,2,0,7,11,6,13,7,3,5,6,2,7,4,6,6,10,5,7,8,3,0,5,10,6,0,0,7,9,0,6,5,5,0,3,0,0,0,7,5,12,0,0,0,8,0,0,12,2,0,0,13,4,10,4,0,10,5,7,0,4,15,6,0,11,4,12,6,6,5
11,summer,4,8,9,3,10,11,10,4,2,7,5,0,2,5,0,12,2,1,10,0,2,0,5,6,2,5,9,4,5,9,2,0,4,11,0,4,9,9,8,3,1,10,4,1,4,3,1,0,5,8,11,0,9,1,4,1,3,1,10,10,0,4,5,11,11,0,9,3,2,7,0,9,1,12,9,0,3,3,4,6
12,color,7,0,0,10,0,0,0,10,4,0,7,0,3,4,0,4,11,2,9,0,3,0,0,7,0,4,11,0,0,12,10,5,0,2,0,5,4,10,0,4,2,0,0,2,10,0,2,0,0,0,0,0,11,2,0,3,0,2,0,5,0,5,0,0,0,0,0,0,10,10,0,8,0,5,8,0,0,0,0,7
13,bee,2,0,1,2,2,1,3,5,0,1,4,3,5,1,3,5,1,3,6,6,4,3,2,3,4,3,8,1,1,0,0,4,12,1,7,3,3,1,0,5,3,2,3,3,7,0,3,1,1,2,3,4,12,3,6,4,0,3,7,0,6,1,6,3,0,0,1,4,3,8,0,11,7,4,12,7,1,9,0,9
14,stomach,5,1,0,4,3,0,2,1,0,2,2,4,1,2,1,1,3,4,2,0,5,6,0,0,1,2,1,2,9,10,1,0,8,3,0,1,1,2,5,2,4,3,2,4,1,1,0,2,2,3,1,2,7,4,5,0,0,4,3,9,7,2,0,1,1,2,2,2,0,5,1,13,0,2,1,5,5,1,7,1
15,worm,3,2,2,5,4,0,1,2,5,3,3,1,0,3,2,2,4,5,1,4,1,7,1,0,3,1,2,3,0,11,0,3,0,4,10,2,0,3,0,1,5,1,1,5,2,2,5,3,3,0,2,1,8,5,7,0,1,5,4,8,8,3,0,2,2,1,3,1,1,6,3,14,5,1,2,6,4,2,0,0
othr,,0,0,1,0,0,0,0,0,1,0,0,0,0,0,0,0,0,0,0,0,0,1,0,0,0,0,0,0,0,0,0,0,0,0,0,1,1,0,1,0,1,0,0,0,0,0,0,0,0,0,0,1,0,0,0,0,1,0,0,0,0,1,0,0,1,0,0,0,0,0,0,0,0,1,0,0,0,0,0,0
CL,pen ,5,0,0,0,0,0,0,0,0,0,0,0,0,0,0,0,0,0,7,10,0,0,0,0,0,0,0,0,0,0,0,0,0,0,0,0,0,0,0,0,0,0,0,8,0,0,5,0,0,0,0,0,9,0,0,0,0,0,0,0,0,0,0,0,0,8,10,7,0,0,0,0,0,0,0,0,6,4,0,0
1,pencil,0,0,11,5,7,7,7,7,5,3,12,2,1,0,4,9,8,8,1,5,5,5,0,1,10,10,5,3,4,1,5,1,1,4,6,5,6,5,7,5,9,2,6,0,5,7,6,5,10,6,5,3,1,9,1,0,0,4,6,1,1,7,1,11,5,0,5,4,2,1,1,3,0,1,1,1,2,8,1,0
2,write,0,0,5,9,8,8,8,11,6,0,13,4,0,6,3,8,0,9,2,0,0,0,7,2,8,11,6,4,0,2,8,2,2,5,8,4,8,8,6,6,8,3,5,0,6,8,7,0,11,0,6,4,2,10,0,0,0,0,7,2,0,8,2,12,10,0,0,9,3,2,2,4,0,0,0,2,0,9,2,0
3,fountain,0,8,7,7,0,11,0,8,7,7,0,7,6,0,8,5,12,0,0,0,7,0,0,3,7,5,7,7,5,0,7,0,3,9,5,10,0,6,4,0,10,10,7,5,0,0,13,0,5,0,10,5,0,8,5,0,5,0,0,9,9,9,6,13,7,0,7,6,5,3,6,6,5,3,4,0,0,6,3,8
4,leak,0,9,8,8,4,12,0,0,9,8,0,6,7,0,9,6,0,0,0,9,8,0,8,4,0,14,8,6,0,0,0,0,4,0,13,0,0,0,5,0,11,11,0,6,0,0,0,0,4,0,11,6,0,0,6,0,0,0,0,5,4,15,7,14,8,0,8,8,6,0,10,7,6,8,0,0,12,5,7,10
5,quill,0,0,9,0,5,9,4,10,0,0,9,3,0,0,0,4,0,10,0,0,9,0,0,11,6,9,0,9,0,0,3,0,10,11,14,0,0,0,0,0,13,0,8,7,7,11,8,0,9,0,0,0,6,7,0,0,0,6,8,4,7,5,9,9,0,0,9,10,0,11,7,9,8,0,2,9,5,0,5,9
6,felt,7,0,0,0,3,10,0,9,0,0,11,0,0,0,0,0,7,0,0,0,0,0,3,8,5,6,0,10,0,0,0,0,11,6,2,0,0,11,0,8,12,6,0,0,0,0,9,0,6,0,8,0,0,0,2,2,0,0,5,0,0,10,5,10,0,7,0,0,0,9,0,0,0,10,9,11,0,0,0,0
7,Bic,0,7,10,6,6,0,5,0,11,1,8,5,0,4,0,0,6,11,0,6,6,3,4,14,1,7,0,11,3,0,0,0,6,10,7,0,0,10,0,1,7,4,0,9,0,6,4,0,13,8,4,0,7,0,9,0,0,7,0,7,6,6,4,8,4,6,6,0,0,4,3,5,0,2,6,12,9,7,6,6
8,scribble,4,0,6,0,0,0,9,5,12,4,6,0,0,0,2,0,9,6,0,0,4,7,6,13,3,12,11,5,1,3,0,0,0,7,9,6,0,9,0,2,6,5,10,10,0,10,11,0,12,0,7,7,0,5,0,0,0,0,4,8,11,14,3,15,9,5,0,5,7,0,0,13,0,12,0,0,10,0,0,11
9,crayon,0,6,12,4,0,5,0,4,10,0,14,0,0,0,7,0,0,7,0,2,0,6,5,12,11,0,4,0,0,4,0,6,8,8,10,7,0,12,0,0,0,0,9,0,0,9,12,0,0,0,12,0,0,0,10,0,0,10,0,0,10,12,10,6,6,0,4,0,8,0,0,10,0,11,11,4,8,0,0,4
10,Cross,0,1,0,0,0,6,0,0,1,0,7,0,5,0,0,0,1,12,0,0,0,0,0,0,2,8,0,12,0,10,0,0,9,13,11,0,1,0,0,7,0,0,0,0,0,4,0,0,0,5,0,0,0,6,0,0,0,9,0,0,0,11,12,7,0,0,0,0,0,0,4,12,7,0,8,5,7,0,0,7
11,tip,6,2,0,2,9,0,11,0,2,0,1,0,0,0,1,0,10,1,3,4,0,0,0,9,0,13,0,0,0,9,0,0,0,1,3,8,2,7,0,4,1,13,0,11,0,5,10,0,7,7,9,0,0,4,3,1,1,8,0,0,0,13,11,5,0,0,0,0,0,6,0,8,9,7,0,10,11,10,8,0
12,marker,0,3,1,10,0,1,10,0,0,2,2,0,0,5,6,7,2,2,0,1,0,0,0,10,0,2,9,0,0,5,0,0,7,2,1,9,5,1,0,3,2,1,1,1,2,2,0,2,8,4,0,0,3,0,0,4,0,0,0,0,0,2,0,4,0,0,0,0,0,8,0,11,1,4,10,3,0,0,0,5
13,ink,1,4,2,0,0,2,1,3,3,0,3,0,2,1,0,2,3,3,6,8,1,4,0,5,4,1,2,8,7,6,4,5,0,3,4,3,4,2,1,0,3,9,2,2,4,1,1,3,2,1,2,2,4,1,7,0,4,1,1,3,3,4,0,2,2,3,2,2,10,10,5,0,2,5,3,8,3,3,4,2
14,cap,2,5,3,3,1,3,0,1,0,6,4,0,0,2,0,3,4,4,0,7,2,1,1,6,0,3,1,2,6,7,6,3,0,0,0,2,0,3,2,0,4,12,3,3,3,0,2,4,3,2,3,0,8,2,8,5,2,2,2,0,5,3,0,3,3,1,3,3,9,7,8,1,3,0,7,6,4,2,0,3
15,letter,3,0,4,1,2,4,3,2,4,5,5,1,3,3,0,1,5,5,4,3,3,2,2,7,9,4,3,1,2,8,1,4,5,0,12,1,3,4,3,0,5,7,4,4,1,3,3,1,1,3,1,1,5,3,4,3,3,3,3,6,2,1,8,1,1,2,1,1,1,5,9,2,4,0,12,7,1,1,9,1
othr,,1,0,0,0,0,0,3,1,1,0,0,0,3,0,0,0,1,0,0,0,0,0,0,0,0,0,1,0,0,0,1,0,0,0,0,0,1,0,0,0,1,1,0,0,0,0,0,0,0,0,0,0,0,0,0,0,1,1,0,0,0,0,0,0,0,0,0,0,1,0,0,0,0,0,1,0,0,0,0,0
CL,lamp,0,0,0,4,0,0,0,7,6,0,0,4,0,6,0,0,0,0,0,0,0,0,0,0,0,0,0,0,7,0,0,0,0,0,0,0,0,0,0,0,0,11,0,0,0,0,0,0,0,0,0,0,0,0,0,0,0,0,0,7,0,0,0,0,0,0,0,7,0,0,7,0,0,0,0,0,10,0,0,0
1,light,0,9,10,9,8,9,9,0,0,0,4,5,7,0,3,7,5,8,4,0,1,0,7,4,1,6,6,0,1,1,9,1,3,10,1,7,0,0,1,7,9,10,7,6,4,2,4,0,8,0,4,7,1,6,1,1,0,6,6,6,1,9,7,0,5,4,5,12,2,1,0,6,1,12,1,1,0,5,1,9
2,shade,0,10,0,8,9,8,7,0,7,6,5,6,0,0,5,6,6,10,5,0,8,1,8,0,8,11,5,0,0,13,7,0,4,0,3,8,0,0,10,8,10,12,5,0,6,0,9,0,10,0,10,0,2,8,2,2,0,0,7,9,9,12,8,5,0,5,6,8,5,2,10,7,0,10,8,4,0,6,0,8
3,table,7,0,12,0,10,5,3,0,8,0,6,0,4,0,6,10,0,11,0,0,6,0,6,0,9,7,9,0,0,6,0,4,1,0,7,6,5,3,4,0,0,13,6,0,2,4,10,0,3,5,8,0,3,0,3,3,0,9,10,10,3,14,10,6,0,7,0,10,0,0,8,12,0,0,3,2,0,4,2,0
4,bulb,0,0,11,0,7,0,8,9,0,0,7,10,0,10,0,9,11,9,7,0,5,0,11,10,10,14,7,7,0,4,0,0,5,3,12,0,0,9,0,0,0,0,9,0,0,5,6,0,0,0,11,0,4,0,8,5,0,0,0,0,10,8,9,0,0,0,0,11,0,10,0,0,7,13,2,5,7,9,3,6
5,post,0,0,7,0,0,0,10,0,10,0,8,0,0,0,0,0,0,0,0,0,0,0,0,7,5,10,13,0,0,12,8,0,6,0,2,0,0,4,0,9,11,0,0,0,0,0,0,0,0,0,9,0,0,0,0,0,0,0,0,0,0,10,12,0,0,6,0,6,0,7,6,5,2,7,0,3,0,0,4,0
6,black,0,8,8,0,11,4,0,0,11,0,12,0,0,9,0,5,12,1,0,0,0,0,0,8,6,8,14,8,0,0,0,0,7,8,10,0,7,7,9,0,0,8,0,0,0,0,8,0,0,6,6,0,0,7,0,0,0,0,0,1,7,0,11,0,0,0,0,5,8,11,0,8,6,6,4,0,8,8,8,0
7,cord,0,0,0,0,12,6,0,0,9,0,13,7,0,8,0,0,8,14,0,0,0,0,9,9,0,9,0,0,0,0,0,0,13,9,0,0,0,0,8,0,0,9,0,9,0,0,0,0,9,0,0,0,0,0,0,0,0,0,0,8,0,13,14,0,0,0,0,9,11,0,1,10,3,8,5,0,9,11,0,0
8,desk,0,0,0,5,13,7,4,6,0,0,11,0,3,7,7,0,7,12,0,0,7,6,5,6,0,5,10,0,4,5,6,0,2,7,6,5,6,13,3,0,4,7,10,8,5,0,7,0,0,0,7,9,0,0,0,4,0,0,9,0,2,15,13,0,7,0,0,0,6,9,0,11,0,11,0,0,4,0,0,7
9,bright,0,2,0,10,0,0,12,0,0,0,15,0,6,0,0,4,0,0,0,0,0,0,0,0,11,0,8,0,0,2,0,0,12,0,0,0,0,6,2,0,0,0,0,0,0,0,0,0,5,7,0,0,0,0,0,0,0,0,8,0,8,7,0,2,0,0,0,0,0,0,0,4,0,0,0,0,6,0,0,10
10,lighter,4,3,6,7,6,0,5,8,0,5,14,9,0,0,4,0,4,2,9,6,0,0,0,5,2,13,0,0,5,0,2,0,0,0,4,0,9,8,5,1,0,2,8,7,0,3,5,6,0,4,0,0,8,0,0,0,4,8,5,0,0,6,1,1,6,0,0,0,0,3,2,3,0,9,0,8,5,0,0,5
11,read,5,4,1,0,1,0,11,5,1,0,9,0,0,1,0,0,9,3,6,4,9,0,0,0,0,12,12,3,6,9,0,0,0,4,11,4,0,14,6,2,6,1,1,1,0,0,0,1,7,3,12,3,6,1,4,0,5,1,4,4,4,3,2,0,0,0,8,0,1,0,3,9,0,1,0,9,0,1,0,11
12,on,8,5,2,3,2,3,0,4,2,1,0,8,0,2,0,8,0,4,2,5,0,0,1,11,0,4,1,4,0,8,0,0,0,0,5,0,0,0,0,3,7,3,2,2,3,0,0,2,6,0,13,0,9,2,5,0,0,2,0,0,5,4,3,7,1,0,1,2,9,0,0,0,0,2,0,0,0,10,0,3
13,bed,2,6,3,6,3,0,2,2,3,2,2,2,0,4,2,3,1,5,1,3,2,0,2,1,3,2,2,5,3,10,5,0,10,5,9,1,2,11,0,4,2,4,0,3,0,0,2,3,0,2,2,4,5,3,0,0,0,3,1,5,0,5,4,0,2,1,2,3,0,4,11,0,4,3,6,10,1,7,0,4
14,burn,3,7,4,2,4,1,6,3,4,3,1,3,0,3,0,1,2,6,8,2,3,4,3,2,7,3,3,9,0,0,4,0,11,2,0,2,3,0,0,5,1,5,3,4,0,0,1,4,1,0,3,1,0,4,7,0,2,4,2,2,0,1,5,0,3,2,3,4,0,5,4,1,0,4,0,7,2,2,6,1
15,stand,1,1,5,1,5,2,1,1,5,4,3,1,2,5,1,2,3,7,3,1,4,3,4,3,4,1,4,6,2,11,1,2,8,1,8,3,4,12,7,6,3,6,4,5,1,1,3,5,2,1,1,2,7,5,6,6,3,5,3,3,6,2,6,4,4,3,4,1,4,6,5,2,5,5,7,6,3,3,7,2
othr,,1,0,1,0,0,0,0,0,0,0,0,0,3,0,0,0,1,1,0,3,0,2,1,0,0,0,1,2,4,2,0,1,1,1,0,0,2,4,0,0,2,0,0,1,0,0,0,0,1,1,1,3,0,0,0,0,1,2,0,0,0,1,0,1,0,0,1,0,0,0,0,0,0,0,0,0,0,0,0,0
CL,foot,1,9,0,0,0,11,0,0,0,0,5,0,0,0,0,0,0,0,0,0,0,0,0,6,0,0,12,10,0,0,0,0,0,7,0,1,0,4,9,10,12,0,0,0,0,0,7,0,0,0,0,0,0,0,0,5,0,0,0,0,0,0,0,0,0,4,0,0,0,0,0,0,0,7,0,4,7,3,0,0
1,shoe,0,6,11,6,10,10,14,6,7,0,11,0,0,5,4,8,5,8,2,0,6,0,4,4,2,15,4,7,11,8,10,4,1,5,2,0,2,1,4,0,10,1,9,10,4,7,0,0,7,6,4,4,1,10,1,6,0,7,0,4,1,8,1,6,6,0,0,0,0,1,7,2,0,6,10,1,4,10,1,8
2,hand,6,7,5,0,0,0,4,10,10,0,6,8,0,0,5,5,0,9,4,0,7,7,1,0,1,13,9,2,5,1,2,5,2,6,9,7,5,0,6,0,0,2,8,9,0,0,8,0,8,0,10,5,0,7,0,0,8,8,0,9,8,7,3,7,8,5,0,2,4,13,8,7,5,5,5,5,0,4,0,0
3,toe,0,0,9,3,8,12,7,9,8,0,7,10,0,4,6,6,8,13,3,0,0,5,6,0,3,14,6,0,2,4,8,3,7,8,1,2,1,2,7,8,0,3,7,8,6,5,6,0,6,0,5,10,0,8,0,0,7,0,0,0,2,6,2,8,7,0,0,4,7,12,9,9,6,0,7,0,0,0,3,6
4,kick,8,0,8,7,11,13,8,5,11,0,8,4,9,8,3,10,0,11,9,0,5,4,0,7,0,10,0,5,10,0,11,0,4,9,5,6,0,5,12,9,8,4,10,11,3,10,10,5,5,4,6,9,0,9,4,0,0,10,9,6,0,14,4,9,0,2,0,7,0,7,0,14,7,8,0,8,8,8,4,0
5,sandals,11,5,0,4,0,7,16,7,0,0,0,6,0,6,9,9,0,10,11,0,9,0,0,5,0,11,7,11,0,9,12,0,10,10,4,0,11,11,0,5,7,5,0,0,0,8,0,0,0,0,11,7,0,0,2,0,6,9,0,0,0,0,0,0,5,0,0,5,0,2,0,3,4,9,13,2,5,9,5,12
6,soccer,9,0,7,2,7,6,9,4,5,4,9,5,2,7,7,11,6,12,7,3,10,0,9,8,8,5,11,4,9,5,4,8,3,1,12,9,4,7,3,6,11,0,5,0,0,9,5,4,4,5,7,8,4,11,9,0,9,11,4,5,4,11,5,10,4,3,6,10,6,10,5,11,0,10,11,3,3,7,6,9
7,yard,10,11,1,0,4,0,10,11,4,0,10,0,5,9,8,12,7,14,6,4,8,8,10,12,7,9,10,0,1,6,0,0,5,0,6,10,0,8,10,1,9,7,6,0,0,0,9,0,9,0,0,0,7,12,10,1,0,12,0,0,5,12,6,11,0,0,0,9,9,8,6,12,0,11,0,0,11,0,0,10
8,step,0,10,0,0,6,0,0,0,0,0,0,0,0,0,0,0,4,0,0,0,0,0,8,0,0,6,0,0,6,0,0,0,0,2,0,12,9,0,0,0,0,0,0,0,0,0,0,0,10,0,0,0,0,0,11,2,0,13,0,0,0,13,0,0,0,0,0,0,0,0,0,15,0,12,0,0,0,0,0,11
9,ankle,3,2,10,10,5,9,5,3,1,0,4,0,0,0,10,0,1,1,0,0,4,6,0,2,10,7,5,8,3,3,7,0,0,3,7,3,7,0,11,0,0,0,0,1,5,1,0,0,0,0,8,6,3,0,3,3,1,14,6,7,0,4,9,0,0,0,1,11,0,5,0,10,0,13,8,0,9,2,0,4
10,arm,5,8,6,9,9,8,2,0,0,0,0,0,10,0,0,4,2,2,0,0,0,0,0,0,5,12,0,3,12,2,0,6,8,0,10,0,0,3,0,0,1,8,0,2,0,0,0,0,0,1,9,0,0,1,0,0,2,1,7,0,3,5,0,12,9,0,2,3,0,0,0,6,0,3,6,0,10,0,0,0
11,boot,2,4,12,0,12,1,15,8,6,6,0,0,4,0,1,7,3,3,8,0,0,0,5,3,4,4,8,0,13,10,3,0,9,4,0,14,3,0,0,4,2,0,1,3,0,3,0,0,0,0,12,0,0,2,5,0,0,2,5,3,0,9,11,0,0,1,0,6,10,11,0,4,8,4,0,9,6,0,0,0
12,inch,0,12,2,0,0,2,12,0,0,1,12,9,0,10,0,13,0,4,5,5,0,0,7,9,0,2,0,0,4,7,5,1,0,0,0,11,0,9,8,3,3,0,0,4,0,0,4,0,0,0,0,0,0,3,0,0,0,0,3,0,0,10,7,5,0,0,0,8,0,9,4,13,0,0,1,0,12,1,0,0
13,sock,0,3,0,5,1,3,6,0,9,2,1,1,3,2,0,1,0,5,10,0,1,1,0,11,11,8,2,6,14,13,9,9,11,0,3,5,0,10,5,0,4,0,2,5,0,6,1,1,2,8,1,1,9,4,8,4,3,4,2,8,0,1,0,3,1,6,3,0,1,3,1,5,1,2,3,0,0,5,0,1
14,knee,4,0,3,8,2,4,0,1,2,3,2,2,0,3,2,2,0,6,0,1,2,2,11,10,9,3,3,9,8,12,6,0,0,0,8,4,6,0,2,7,5,0,3,6,1,4,2,2,3,2,2,2,5,5,6,0,4,5,8,1,6,2,8,1,2,0,4,12,2,4,2,0,2,0,4,6,2,0,7,2
15,mouth,7,1,4,1,3,5,1,2,3,5,3,3,0,1,0,3,0,7,1,2,3,3,3,1,6,1,1,1,7,11,1,2,6,0,0,8,8,6,1,0,6,6,4,7,2,2,3,3,1,3,3,3,6,6,7,0,5,6,1,2,7,3,10,2,3,0,5,1,3,6,3,1,3,1,2,7,1,6,8,3
othr,,0,0,0,0,0,0,3,0,0,0,1,1,3,0,0,0,0,0,0,0,0,0,1,0,0,0,0,0,0,0,0,1,0,1,1,1,1,0,0,1,0,1,0,0,0,0,0,0,0,1,0,0,2,0,0,0,0,1,0,2,0,0,0,1,0,0,0,0,2,0,0,1,0,0,1,0,0,0,1,1
CL,wish,0,0,7,6,0,10,6,0,0,0,6,0,0,0,0,0,0,0,0,0,0,3,0,0,0,0,10,10,0,0,1,6,0,11,4,0,0,5,0,9,11,0,0,0,0,0,0,0,8,0,0,0,0,0,0,0,0,2,9,0,5,0,0,0,0,0,0,5,0,2,0,0,0,0,4,8,0,0,0,0
1,want,5,0,8,0,9,6,9,12,5,1,9,3,0,8,6,5,4,13,4,0,5,1,4,1,0,10,12,6,0,4,2,2,0,6,3,6,0,0,0,7,6,1,5,0,3,5,6,1,6,0,7,5,1,3,1,0,0,5,1,7,2,7,4,9,4,5,5,6,9,1,1,4,4,4,3,1,7,0,1,4
2,dream,7,4,9,4,5,0,7,9,10,2,7,7,8,9,4,6,0,11,5,5,6,0,6,2,1,11,7,0,0,5,0,0,2,0,1,8,5,6,1,6,7,3,9,9,4,6,4,4,4,0,6,4,2,5,0,4,0,0,6,2,0,8,6,7,5,6,6,9,7,10,7,0,0,5,0,2,0,5,2,5
3,desire,4,5,6,5,6,0,5,11,6,3,8,4,0,10,5,7,5,12,6,6,7,2,9,3,2,7,11,8,6,6,4,4,3,7,2,7,6,0,9,0,8,2,6,10,5,7,5,5,0,0,8,0,6,4,2,5,0,4,4,3,3,6,11,8,6,7,7,7,8,0,0,5,5,0,5,3,6,6,3,7
4,hope,0,6,5,7,8,9,0,10,7,8,10,0,5,0,0,9,6,10,0,0,8,0,10,0,0,0,9,0,5,7,3,0,1,8,5,1,7,0,0,0,0,4,7,0,0,0,0,0,0,0,5,0,0,6,3,0,0,3,0,1,4,13,5,6,0,0,8,8,0,3,0,6,6,0,0,0,0,4,6,0
5,well,0,7,10,11,10,12,0,13,0,0,12,0,6,0,8,0,0,9,0,0,0,0,12,0,0,0,0,7,11,0,0,0,0,0,6,2,0,7,0,0,0,0,0,0,0,0,9,0,0,0,0,0,0,8,0,0,0,0,0,0,8,5,0,0,0,0,0,0,0,0,0,8,0,0,0,0,10,9,0,10
6,think,0,0,12,8,0,3,8,3,0,0,0,0,0,0,0,0,7,0,7,0,0,0,0,0,0,6,0,0,9,0,0,0,0,0,0,10,8,0,6,0,0,0,0,0,0,0,0,0,0,0,0,6,3,0,0,0,0,0,0,0,0,0,0,0,0,0,0,4,6,0,0,9,0,0,7,4,5,0,0,8
7,star,0,8,0,0,0,11,10,4,0,0,11,0,7,11,7,4,0,0,0,0,9,0,7,9,7,9,8,4,0,10,10,0,4,0,10,0,0,0,0,8,12,0,4,6,0,0,8,0,5,0,0,7,5,7,0,0,3,0,11,5,0,9,10,10,0,0,0,0,0,11,0,10,7,0,6,0,0,0,8,11
8,bone,0,1,11,10,0,1,0,8,9,4,14,0,0,0,0,3,0,0,0,7,0,4,0,0,0,0,0,5,10,0,7,0,6,9,8,9,0,0,8,0,0,0,0,7,0,0,7,0,7,0,0,8,0,0,0,0,0,7,8,4,7,10,0,11,0,0,0,0,0,0,0,11,0,0,0,0,9,0,0,12
9,ring,0,0,0,0,0,0,0,7,8,0,13,6,0,6,0,0,9,1,0,8,0,0,8,8,0,0,5,0,4,0,8,0,7,10,11,0,0,0,7,0,0,0,0,8,0,0,10,0,0,1,0,9,0,0,4,1,0,6,10,0,6,11,9,0,0,0,0,0,10,8,6,0,0,0,0,0,0,0,5,0
10,wash,0,0,0,0,0,5,11,0,0,0,0,0,0,7,0,0,0,2,0,0,0,0,11,0,0,8,4,0,8,0,0,0,0,1,0,0,4,9,0,0,9,5,0,0,0,0,0,0,0,2,0,0,0,0,5,2,2,8,0,0,0,12,8,0,0,0,0,0,0,0,0,12,0,0,0,0,8,8,0,0
11,thought,0,0,13,0,7,13,3,0,1,0,1,0,3,1,3,0,8,3,8,3,0,5,0,0,3,5,0,0,3,0,9,5,8,0,0,11,0,8,4,5,1,6,0,1,0,0,0,0,9,0,0,3,0,9,6,3,0,0,5,0,0,14,0,1,0,0,1,10,0,4,8,0,0,0,0,7,4,0,0,9
12,get,6,0,1,9,1,0,0,5,3,0,2,0,1,2,0,8,11,4,0,4,4,8,5,4,4,4,6,9,2,8,11,0,9,2,9,3,3,2,0,2,2,0,0,2,0,1,0,6,3,5,1,0,0,10,0,0,4,0,3,0,0,4,0,2,0,4,2,0,2,9,2,7,0,0,0,6,0,1,0,6
13,true ,1,0,2,1,2,2,0,6,2,7,3,0,2,3,0,0,1,5,1,0,1,0,3,5,0,1,2,2,1,1,0,3,0,3,0,4,2,0,2,1,3,0,1,3,2,2,1,0,0,4,4,2,9,0,0,0,5,0,0,0,0,1,1,3,1,1,0,3,3,0,3,1,1,1,0,0,2,0,0,1
14,for,2,2,3,2,3,7,0,0,0,5,4,1,0,4,1,1,2,6,2,2,2,0,1,6,5,2,0,0,0,0,5,7,0,4,0,0,0,3,0,3,4,0,2,4,0,3,2,2,2,0,2,0,0,0,0,0,0,0,7,0,10,2,2,4,2,2,3,2,4,0,4,2,2,2,1,9,3,2,4,2
15,money,3,3,4,3,4,8,2,1,4,6,5,2,4,5,2,2,3,7,3,1,3,6,2,7,6,3,3,1,7,3,6,1,5,5,7,5,1,4,3,4,5,7,3,5,1,4,3,3,1,6,3,1,8,1,7,6,1,1,2,6,1,3,3,5,3,3,4,1,5,5,5,3,3,3,2,5,1,3,7,3
othr,,1,0,0,0,0,1,2,1,0,0,0,1,0,0,0,0,2,1,0,0,0,1,0,0,0,0,0,0,0,1,0,0,0,0,0,0,1,2,0,0,0,0,1,0,0,0,0,0,0,1,1,1,1,0,0,0,0,0,0,2,2,0,1,0,1,0,0,0,1,1,0,1,0,0,0,0,0,1,0,0
CL,smoke,0,0,8,0,0,7,7,5,0,4,0,0,0,8,9,0,12,0,0,7,0,0,0,0,0,0,5,0,0,0,0,0,0,0,4,0,4,0,6,0,0,2,0,11,0,0,0,7,0,0,6,0,0,0,0,0,0,0,0,2,0,0,0,9,0,0,0,11,0,7,9,0,0,9,0,0,9,5,0,0
1,cigarette,5,5,5,2,3,8,5,0,6,1,7,5,1,1,7,5,5,8,3,3,5,1,7,1,6,9,7,1,4,4,8,1,2,5,2,5,1,5,5,9,8,1,6,9,4,6,6,5,7,7,8,6,2,4,1,0,4,9,8,1,2,6,1,3,5,4,4,4,4,0,6,6,7,6,1,1,3,8,1,3
2,puff,6,4,0,10,6,6,9,0,7,0,3,8,0,3,4,6,11,7,8,8,4,5,6,9,3,4,8,12,0,8,10,6,0,0,0,11,0,6,0,6,0,3,8,7,5,7,7,6,6,11,7,8,3,6,0,0,0,12,0,5,5,7,2,4,0,5,3,5,0,11,8,4,0,0,0,0,0,0,2,5
3,blaze,0,6,0,5,8,10,0,8,0,0,5,0,0,0,0,8,0,11,6,0,0,0,0,0,9,0,0,11,0,0,0,0,9,10,3,0,0,3,0,8,7,4,10,6,0,0,0,0,5,12,0,0,0,5,3,0,0,11,9,0,0,8,3,0,0,0,0,9,10,0,1,9,9,0,5,4,0,0,3,6
4,billows,0,8,7,6,0,9,0,0,0,5,4,7,0,0,0,9,0,9,0,0,7,0,9,5,4,12,10,6,0,0,2,9,7,12,0,0,0,0,0,7,0,0,5,0,0,0,0,0,0,13,4,0,4,0,0,0,0,7,10,8,6,9,0,5,9,0,8,10,0,12,0,5,0,0,3,2,0,4,4,8
5,pollution,4,0,9,0,0,0,8,0,5,0,6,0,8,9,5,0,0,10,0,6,0,4,10,7,5,7,9,8,0,9,12,0,10,9,5,7,3,8,9,0,0,5,0,5,0,0,0,0,0,0,11,3,6,8,0,0,6,6,0,6,0,12,4,6,0,0,9,7,0,4,3,10,4,0,4,0,0,10,0,7
6,ashes,0,9,10,3,0,0,10,0,11,0,12,0,0,2,0,0,9,14,0,0,0,8,11,8,0,0,0,7,0,10,9,0,4,0,0,0,0,9,0,0,0,7,12,0,6,0,9,0,9,10,0,4,0,9,4,0,0,0,0,0,0,11,5,7,7,3,0,0,0,9,0,0,0,0,0,0,5,6,5,0
7,cigar ,3,7,6,1,7,4,4,0,10,2,9,0,2,4,8,4,8,6,4,4,0,2,5,2,2,8,3,2,5,5,7,0,6,6,1,4,2,4,4,10,5,8,7,10,3,0,8,4,8,9,9,5,0,7,2,0,5,8,6,4,4,10,6,8,4,0,6,6,6,8,7,7,6,7,2,6,4,7,0,4
8,chimney,0,0,0,0,4,0,11,0,4,6,0,0,0,0,0,0,7,0,2,0,0,3,8,0,1,6,6,0,0,11,0,0,0,8,7,0,0,0,2,0,0,0,9,4,0,0,4,0,0,8,13,0,0,0,5,0,7,0,0,0,3,0,7,0,10,0,7,0,0,10,2,0,0,0,0,0,8,3,0,0
9,cough,0,0,0,0,0,0,0,0,0,0,13,0,0,0,0,10,10,12,0,0,0,0,0,6,10,11,0,0,0,0,5,0,0,11,0,10,0,0,7,0,11,0,0,0,0,8,5,0,0,0,10,0,0,0,8,0,0,0,4,0,0,0,8,10,8,0,0,0,7,5,0,0,8,0,9,3,0,0,0,0
10,tobacco,9,0,0,0,0,0,12,3,8,8,14,4,5,0,6,0,0,13,0,0,6,0,0,4,0,5,0,0,0,6,11,5,0,13,0,3,5,0,3,0,6,6,11,8,0,1,10,0,4,0,3,9,0,0,9,1,3,10,5,3,0,13,0,0,0,0,0,0,5,0,0,0,10,10,0,7,7,0,9,10
11,stink,0,1,0,0,0,0,0,7,9,0,8,6,0,7,2,3,0,1,5,2,8,6,4,3,0,10,4,3,0,7,0,7,11,2,6,2,0,0,8,2,4,0,0,0,0,2,0,0,3,6,12,7,0,0,0,0,0,5,7,11,0,5,0,0,0,0,0,0,0,6,4,0,0,0,0,8,6,0,0,9
12,match,8,10,1,0,0,0,3,6,0,9,15,0,0,0,3,7,1,2,7,0,0,0,2,0,0,0,1,10,3,12,6,4,12,3,9,9,0,0,0,3,9,0,2,0,0,3,11,0,0,2,0,0,0,0,11,0,0,1,0,0,0,4,10,0,1,0,0,3,3,13,0,0,2,8,6,0,0,0,0,0
13,lungs,7,3,2,8,2,1,6,4,1,3,0,3,0,10,10,0,2,3,0,1,1,0,0,0,7,2,0,5,0,3,1,8,1,14,8,6,0,2,0,4,3,0,3,1,7,4,1,0,10,3,0,2,1,1,6,3,0,2,2,10,0,1,0,11,0,0,10,8,0,0,0,3,3,4,7,0,2,0,6,0
14,flames,1,0,3,4,9,2,2,0,2,10,1,2,9,0,0,1,3,4,0,0,2,7,1,0,0,3,0,9,2,2,3,2,3,4,10,8,0,7,1,5,2,0,4,2,1,0,2,1,2,4,2,0,0,2,0,4,2,3,3,0,0,2,0,1,6,1,1,2,1,2,0,2,0,2,0,5,10,1,0,0
15,stain,2,2,4,7,1,3,1,2,3,7,2,1,0,6,1,2,4,5,1,5,3,0,3,0,0,1,2,4,1,1,4,3,5,1,0,1,0,1,0,1,1,0,1,3,2,5,3,2,1,5,1,1,5,3,7,0,1,4,1,9,1,3,0,2,2,2,2,1,2,3,5,1,1,1,8,9,1,2,8,1
othr,,0,0,0,1,0,1,0,1,0,0,1,0,4,1,0,0,1,0,0,0,0,0,0,0,2,0,0,0,0,0,0,0,1,1,0,0,0,0,0,1,1,1,0,0,0,0,0,1,0,1,1,0,2,0,1,1,0,0,0,1,1,0,0,0,1,2,1,0,2,1,0,1,0,0,0,0,0,1,0,1
CL,needle,6,0,0,0,0,8,7,6,10,0,7,0,0,3,4,0,7,0,0,7,9,0,8,0,0,0,0,10,0,11,1,0,0,12,0,0,0,0,2,6,0,5,0,6,10,0,0,0,0,0,9,0,2,13,0,4,0,6,0,3,5,15,0,5,9,0,5,5,3,0,0,0,0,0,0,0,0,2,6,0
1,thread,4,0,9,9,0,0,0,0,0,0,0,0,0,8,0,9,6,10,10,0,0,8,0,8,1,10,10,8,7,4,7,1,7,4,3,1,5,10,3,7,13,7,11,7,3,0,9,0,8,10,7,8,1,14,1,0,0,9,10,7,4,4,3,0,0,0,0,8,5,11,0,1,0,3,8,1,11,8,2,8
2,pin,9,5,11,7,7,0,0,0,0,0,12,9,0,0,5,5,0,11,5,0,1,0,0,0,2,8,3,5,3,1,0,3,4,5,6,0,0,0,0,4,6,11,9,0,4,6,8,3,5,5,0,3,0,11,2,0,0,7,5,9,0,5,4,0,5,4,0,0,0,8,7,12,6,5,0,9,3,0,0,7
3,eye,5,4,6,4,9,0,0,7,11,0,6,0,5,2,3,6,8,0,4,0,2,4,9,7,3,12,0,6,0,3,2,7,0,11,10,9,0,5,0,5,0,6,8,9,5,7,6,0,0,9,8,6,3,12,0,0,0,8,8,0,3,8,5,6,0,0,0,9,0,10,8,2,0,4,9,0,10,9,0,6
4,sewing,0,10,8,8,0,0,3,11,6,0,11,6,0,1,0,10,0,12,3,0,3,0,4,6,0,11,8,0,0,5,4,0,0,6,1,2,6,9,5,8,8,0,10,8,9,11,0,0,7,0,12,5,0,9,3,0,0,0,9,0,2,3,0,0,8,0,0,0,0,13,0,4,0,0,1,0,2,0,1,0
5,hole,0,6,10,5,10,7,4,0,9,0,10,0,0,7,7,8,1,9,0,0,4,0,0,5,0,14,6,9,9,2,6,0,8,0,2,0,7,11,6,0,12,8,7,10,0,0,7,0,0,0,6,7,0,0,0,0,0,0,7,8,0,16,6,0,0,0,0,11,4,15,0,3,0,0,7,0,0,0,0,0
6,point,0,7,0,0,0,9,6,0,0,0,9,0,6,0,0,0,0,0,0,0,0,5,0,0,0,7,7,11,0,12,8,0,0,7,0,0,0,7,0,0,11,0,6,5,0,8,0,0,0,8,10,0,0,0,0,0,0,11,6,0,0,9,13,0,6,0,0,0,0,14,0,7,0,0,0,0,0,0,3,0
7,prick,0,0,0,6,0,6,0,0,7,0,5,0,0,0,6,7,10,7,8,0,0,6,7,4,8,6,0,0,0,0,9,8,10,8,7,0,0,8,0,12,5,10,0,4,0,10,10,0,0,7,0,0,5,15,0,0,0,0,0,11,11,6,9,8,0,0,3,7,0,9,0,6,0,10,10,2,5,4,0,0
8,thimble,3,9,0,10,8,5,8,10,0,5,0,7,0,0,0,11,9,8,9,4,0,3,10,9,0,13,0,0,8,0,11,0,6,9,0,0,0,0,0,10,7,9,4,0,0,9,5,2,0,6,11,0,8,8,8,0,0,10,11,10,8,7,8,10,7,0,4,10,0,0,6,5,7,7,0,7,6,5,4,0
9,haystack,0,8,5,0,6,0,5,8,0,6,8,5,0,0,0,12,11,13,6,3,10,0,6,10,5,9,0,0,0,6,0,0,5,10,0,5,0,6,0,0,9,0,5,0,8,0,0,4,4,4,0,0,0,10,7,5,0,5,12,4,7,13,12,9,0,0,7,6,0,12,0,0,4,8,0,8,7,7,0,2
10,thorn,0,0,0,0,0,0,0,0,1,0,0,0,0,0,0,3,0,6,0,0,0,0,5,0,9,0,0,0,0,13,12,0,0,0,0,3,0,0,0,0,0,0,0,0,0,3,0,0,0,3,0,10,0,1,0,0,0,0,0,1,0,11,0,7,0,0,0,0,0,0,1,0,0,9,11,0,8,6,0,0
11,hurt,8,0,0,0,5,4,0,9,2,0,0,8,2,0,0,4,0,1,0,6,0,7,0,2,0,5,0,7,2,8,10,9,9,0,0,0,2,0,10,11,0,0,0,0,7,4,4,0,6,2,3,4,0,2,0,0,3,12,0,2,9,12,7,0,3,0,6,0,0,3,2,10,3,0,4,0,0,10,0,0
12,injection,7,1,1,3,3,0,0,3,4,1,1,3,1,0,9,0,2,2,0,5,8,0,11,,0,4,9,1,1,7,13,2,3,1,11,7,3,1,7,2,4,2,3,0,0,5,3,0,0,0,4,9,6,3,5,0,4,1,4,0,10,14,11,1,4,1,8,3,2,5,3,9,0,0,6,4,0,1,0,3
13,syringe,0,2,2,0,4,1,0,5,0,2,2,4,0,6,0,0,3,3,7,0,7,2,1,3,4,3,0,2,6,0,14,4,11,2,5,8,0,2,1,3,2,3,12,1,6,12,0,0,3,0,5,2,9,4,0,1,2,2,0,0,6,10,10,2,0,2,9,4,0,4,0,8,2,11,5,5,0,3,5,4
14,cloth,1,0,3,1,2,2,2,1,3,3,3,1,0,4,2,1,5,4,2,1,5,1,3,11,6,2,0,3,5,10,3,5,1,0,4,0,0,3,8,0,3,4,1,2,2,1,1,5,2,11,1,1,10,6,0,2,1,4,1,5,0,1,2,3,0,3,1,2,1,1,0,11,0,1,3,6,0,0,0,5
15,knitting,2,3,4,2,1,3,1,2,5,4,4,2,0,5,1,2,4,5,1,2,6,0,2,1,7,1,1,4,4,9,5,6,2,3,9,6,4,4,0,1,1,1,2,3,1,2,2,0,1,1,2,0,7,0,4,3,0,3,2,6,1,2,1,4,1,0,2,1,0,2,5,0,1,2,2,3,1,11,0,1
othr,,0,0,1,0,0,0,0,0,1,0,0,0,3,0,1,0,0,0,0,0,1,0,0,0,0,1,3,0,1,0,0,0,0,0,1,2,1,0,2,1,1,0,0,0,0,0,0,1,0,0,0,0,2,1,1,0,0,0,1,0,1,0,0,0,1,0,0,0,0,0,1,0,0,0,0,0,2,0,0,0
CL,beautiful,0,0,0,0,0,0,0,0,0,0,0,0,0,0,0,0,0,0,0,8,0,0,0,0,0,0,0,0,0,0,0,0,0,0,0,0,0,0,0,0,14,0,0,0,0,0,0,0,0,0,0,0,0,0,0,0,0,0,0,0,0,0,0,0,0,0,0,0,0,0,0,0,0,0,0,0,0,0,0,0
1,ugly,8,9,7,7,11,13,5,10,12,6,1,0,7,11,5,12,11,8,10,3,8,4,4,10,3,2,6,7,0,8,10,9,1,4,8,5,1,1,6,8,8,1,8,10,4,8,6,7,5,9,5,8,2,6,2,0,5,10,9,0,4,9,1,1,3,7,5,5,4,5,1,5,6,11,7,1,4,4,1,1
2,pretty,7,7,8,9,9,12,3,7,10,3,2,0,8,10,3,13,10,9,9,0,9,5,1,11,2,3,7,6,0,9,9,10,2,5,2,6,3,2,7,7,7,2,9,11,5,7,2,6,6,10,6,9,3,7,4,0,4,9,10,0,5,10,2,2,4,6,6,6,5,4,9,2,7,6,9,2,3,3,2,0
3,girls,5,4,0,11,10,8,0,11,9,0,3,6,5,9,8,9,7,12,6,4,6,0,9,9,4,11,9,9,7,1,2,7,4,7,5,9,4,3,11,10,6,3,10,8,6,9,7,5,12,8,10,5,4,8,1,0,7,6,11,6,1,11,3,3,5,5,7,7,0,6,6,3,9,7,6,3,5,8,4,10
4,woman,4,6,9,12,8,7,6,12,0,8,4,0,6,8,7,8,8,13,7,0,7,0,0,7,6,10,5,10,8,2,1,8,0,8,6,8,2,4,8,11,5,4,11,9,0,10,8,0,8,7,8,6,5,9,3,0,6,8,0,5,0,12,8,8,6,0,8,8,0,8,5,4,0,8,0,4,6,9,3,11
5,homely,10,10,0,10,0,9,10,8,14,0,12,8,11,7,6,10,0,7,0,0,10,0,6,12,9,13,0,13,6,11,5,0,3,6,3,1,0,6,0,9,9,9,6,12,0,13,9,9,9,6,4,0,13,10,0,0,0,11,7,4,10,15,13,4,9,9,10,0,0,9,2,6,8,12,8,0,8,5,8,7
6,lovely,11,0,10,8,5,10,9,9,0,0,6,9,10,0,4,11,9,10,0,7,0,0,0,0,10,12,0,0,1,12,0,0,5,9,1,2,0,7,0,6,0,0,7,3,8,0,10,4,10,5,0,0,1,11,0,0,14,12,8,0,3,13,14,7,0,8,0,10,0,13,0,0,0,5,0,0,0,0,0,8
7,nice,0,8,0,13,0,11,2,14,11,10,0,0,9,0,0,0,12,11,0,0,0,0,0,13,0,14,0,12,10,10,0,0,0,0,4,10,0,0,9,0,11,10,14,13,7,12,0,0,0,0,0,0,0,14,0,0,13,0,0,0,0,14,6,0,0,0,0,0,0,0,0,0,12,0,0,0,0,0,0,0
8,picture,1,11,0,0,0,4,8,15,5,0,7,0,3,5,0,0,0,0,11,0,0,0,0,5,7,8,4,0,0,13,0,0,0,0,0,0,8,9,5,2,10,0,13,0,0,0,4,0,0,0,9,0,7,13,0,0,0,0,0,0,0,8,7,6,0,0,0,0,0,10,0,0,10,13,0,0,0,10,0,0
9,lady,0,5,11,6,6,6,0,13,6,9,0,7,4,6,0,7,0,0,8,0,0,6,10,8,5,9,0,8,9,3,11,6,6,11,7,7,0,5,4,12,4,0,1,7,0,11,0,0,7,0,7,7,6,0,0,1,8,7,12,0,2,7,4,0,7,0,9,11,3,7,4,10,0,0,5,5,7,6,0,9
10,mountain,9,0,1,5,3,0,7,4,8,2,9,3,1,3,2,4,6,1,4,6,11,2,7,4,8,5,0,11,11,5,6,1,7,12,10,4,5,11,3,0,13,5,12,4,3,6,5,0,3,11,2,0,8,1,0,2,9,1,6,0,7,5,10,5,8,1,0,3,6,12,0,8,1,9,3,7,9,2,6,4
11,snow,0,0,2,0,0,0,0,5,7,0,11,0,2,4,0,5,1,2,5,0,1,7,8,14,0,6,0,1,2,0,7,0,11,10,0,0,6,0,2,1,0,6,0,6,0,1,0,0,4,12,0,0,11,3,0,4,10,3,5,0,8,6,9,0,0,0,0,4,7,11,0,12,3,10,4,8,10,0,0,5
12,scene,2,1,3,4,4,5,0,6,1,1,10,4,0,0,1,6,2,3,0,5,2,0,5,6,0,4,0,2,3,4,8,2,0,0,0,0,0,12,0,3,12,0,3,0,0,2,3,8,11,3,3,0,12,0,6,0,11,2,2,0,0,4,0,0,0,2,1,2,8,0,8,7,0,1,0,10,11,0,5,3
13,music,0,2,4,1,0,1,0,3,2,0,0,0,0,0,0,3,3,4,0,0,3,0,0,1,0,0,1,3,0,6,0,3,8,1,11,0,0,10,0,0,3,0,2,0,0,3,0,1,0,2,0,2,0,2,0,0,1,0,3,0,0,1,0,0,0,0,2,0,0,1,0,0,2,2,0,0,0,0,0,0
14,day,3,0,5,2,2,2,0,2,3,4,8,1,0,1,0,1,4,5,2,2,4,1,2,2,0,7,2,4,4,0,4,4,10,2,9,0,0,0,1,4,2,7,4,1,1,4,0,2,2,4,0,4,9,4,8,0,0,5,4,1,0,2,11,0,1,3,3,9,1,2,7,1,4,3,2,9,2,1,0,2
15,gorgeous,0,3,6,3,1,3,1,1,4,5,5,2,0,2,0,2,5,6,1,1,5,3,3,3,1,1,3,5,5,7,3,5,9,3,12,3,0,8,10,5,1,8,5,2,2,5,1,3,1,1,1,1,10,5,7,5,3,4,1,2,6,3,12,0,2,4,4,1,2,3,3,11,5,4,1,6,1,7,7,6
othr,,1,0,1,0,1,0,1,0,1,1,0,0,2,0,0,0,0,0,0,0,0,0,0,0,0,0,2,0,0,0,0,0,0,0,0,0,1,0,0,0,0,0,0,1,0,0,0,0,0,0,0,1,0,0,1,1,1,0,0,2,1,0,1,0,0,0,0,0,0,0,0,1,1,0,0,0,0,1,0,0
CL,cottage,7,0,0,0,0,0,0,0,0,0,0,6,0,0,0,0,0,0,0,0,0,0,8,0,0,0,0,0,0,0,0,0,0,0,0,0,0,0,0,0,0,0,0,0,0,0,0,0,0,0,0,0,0,0,0,0,0,6,0,0,0,0,0,0,0,0,5,10,0,0,0,0,0,0,0,0,0,0,0,0
1,house,0,9,8,7,1,7,11,5,0,8,1,9,2,7,1,13,8,7,3,0,5,5,11,4,2,6,9,9,4,1,3,5,8,3,1,5,1,3,2,1,8,4,8,0,2,0,0,5,8,2,6,0,1,0,1,2,5,14,6,0,9,11,3,5,0,5,0,5,3,1,5,3,0,8,3,1,0,6,1,4
2,lake,4,8,7,0,4,9,10,6,10,7,0,0,0,0,3,11,10,9,5,0,7,6,9,0,1,9,6,8,0,2,6,0,7,4,6,4,2,5,10,3,9,7,7,7,0,7,5,4,9,0,7,0,12,8,0,0,10,10,5,0,10,12,7,6,0,7,7,6,0,2,6,6,7,9,7,8,0,9,2,3
3,cheese,0,6,10,0,5,0,0,7,0,9,3,0,0,0,7,10,0,11,10,3,6,8,0,3,3,11,11,0,6,0,10,0,5,5,12,6,0,6,0,0,11,0,9,6,0,6,8,0,0,0,8,0,4,7,2,0,0,0,3,0,11,9,9,10,0,0,8,7,7,3,7,5,5,5,5,0,8,8,0,7
4,home,8,0,12,10,2,0,0,0,8,0,0,4,3,1,2,14,9,8,11,0,3,0,1,5,4,7,10,0,5,8,5,6,0,9,2,0,0,4,0,2,10,0,0,0,0,5,6,0,7,0,0,0,2,0,0,0,0,13,8,6,7,10,4,7,6,6,2,0,5,10,0,4,0,7,4,2,10,7,6,0
5,white,9,5,9,6,0,6,9,8,0,5,2,0,0,2,6,12,5,10,7,2,8,0,3,2,5,10,0,0,1,11,8,0,0,10,7,7,0,0,0,10,14,5,4,5,0,0,7,0,0,0,0,0,5,6,3,0,9,5,0,7,8,0,8,9,0,0,9,9,6,7,8,10,0,6,6,9,12,0,4,8
6,cabin,0,7,11,2,3,8,8,9,9,0,0,0,5,3,0,9,6,12,4,4,0,0,0,1,6,0,8,10,10,3,4,4,1,11,3,0,0,7,7,0,13,6,10,0,3,8,0,0,6,0,0,0,7,5,0,3,6,0,0,8,4,8,13,0,5,4,0,0,4,0,4,0,4,0,1,0,2,5,5,0
7,small,0,0,0,9,0,10,0,0,0,11,0,7,4,0,5,7,7,13,8,0,0,0,0,11,0,0,0,11,0,0,1,10,0,12,13,0,4,0,8,0,6,8,0,0,0,3,10,0,0,0,0,0,3,0,0,1,7,4,0,0,5,0,15,8,8,0,6,0,11,4,0,12,1,10,8,0,0,0,0,0
8,door,5,0,0,8,0,0,0,0,0,10,0,8,0,0,0,8,11,14,0,5,0,0,0,0,0,0,0,0,9,0,0,0,9,6,0,10,0,8,3,0,7,0,5,8,0,0,11,0,0,0,0,7,0,0,0,0,0,12,0,0,6,7,14,0,0,0,0,8,10,0,0,13,8,11,9,0,0,0,0,10
9,fence,6,0,3,5,0,0,6,0,7,3,4,0,0,0,8,6,14,15,9,0,0,4,7,0,0,5,12,5,0,10,0,7,10,7,8,0,0,9,4,9,0,1,6,10,5,0,9,0,0,0,0,6,0,9,0,5,0,9,0,0,0,6,10,0,7,0,0,0,8,8,0,11,0,0,10,7,4,0,0,9
10,vines,3,0,4,4,11,5,0,4,6,0,5,0,0,5,4,5,13,2,0,0,2,0,2,8,0,8,5,1,8,5,12,9,0,8,10,0,0,0,0,4,0,2,0,0,0,4,0,0,3,5,4,0,6,0,7,0,0,0,0,4,0,5,11,0,0,0,0,3,0,0,0,8,6,0,11,4,6,0,0,5
11,woods,10,0,0,3,10,0,0,0,1,1,8,5,0,0,0,0,0,1,6,0,0,0,0,0,0,0,7,2,11,0,13,0,2,0,5,9,0,10,5,0,0,9,11,0,0,0,12,0,0,4,9,0,11,2,6,6,1,8,4,5,0,0,12,1,1,0,0,4,9,0,0,9,0,4,14,0,7,0,0,0
12,ivy,11,2,0,0,6,3,1,0,2,2,6,3,0,0,0,4,1,3,0,0,0,0,5,0,0,4,4,4,7,7,11,2,4,13,9,1,7,12,9,5,1,3,12,1,0,0,1,0,4,0,5,4,0,1,8,0,3,7,7,3,1,1,6,3,2,0,1,0,2,9,1,7,0,0,12,0,3,3,0,0
13,roses,0,1,6,0,7,4,7,2,4,0,7,0,0,6,0,3,2,4,0,0,9,3,6,7,0,2,2,3,2,6,9,3,3,0,11,2,0,11,6,6,2,0,2,2,6,0,2,1,5,0,3,3,9,0,0,0,2,1,0,0,2,2,5,2,3,1,3,11,0,0,2,0,0,3,13,3,5,4,9,6
14,cozy,2,3,1,0,8,1,2,3,3,4,9,1,0,8,9,2,3,5,1,6,4,1,4,6,0,3,3,6,3,9,7,11,11,1,14,8,0,1,0,8,3,0,1,3,4,1,4,2,1,3,1,1,8,3,4,7,8,2,2,1,0,3,1,0,9,2,0,2,0,5,0,2,2,2,15,5,9,2,0,2
15,hut ,1,4,2,1,9,2,3,1,5,0,10,2,1,4,0,1,4,6,2,1,1,2,10,10,7,1,1,7,0,4,2,1,6,2,4,3,5,2,1,7,4,10,3,4,1,2,3,3,2,1,2,2,10,4,5,4,4,3,1,2,3,4,2,4,4,3,4,1,1,6,3,1,3,1,2,6,1,1,8,1
othr,,0,0,1,0,0,0,2,0,0,1,0,0,1,0,0,0,0,0,0,0,0,1,0,1,0,0,0,0,0,0,0,1,0,0,0,0,2,0,0,0,2,1,0,1,0,0,0,0,0,0,0,1,0,1,0,0,0,1,0,0,0,0,0,1,0,0,0,0,0,0,0,0,0,0,0,0,1,0,2,0
CL,whiskey,0,0,0,0,0,0,0,0,0,0,0,0,0,0,0,0,0,0,0,0,0,0,11,0,0,0,0,0,0,0,,,,,,,,,,,0,0,0,0,0,0,0,0,0,0,0,0,0,0,0,0,0,0,0,0,0,0,0,0,0,0,0,0,0,0,0,0,0,0,0,0,0,9,0,0
1,drink,4,8,6,7,3,10,10,9,9,9,1,6,2,8,5,9,8,10,8,4,7,1,1,1,1,7,12,6,4,5,,,,,,,,,,,9,5,3,4,4,7,8,4,4,7,10,7,1,10,1,0,10,6,5,1,7,12,7,8,8,6,8,4,6,9,1,6,3,7,2,1,5,6,1,8
2,drunk,5,9,7,8,4,11,11,10,10,10,2,7,3,9,6,10,9,11,9,5,8,2,2,2,2,8,7,7,6,6,,,,,,,,,,,10,6,4,5,0,8,9,5,5,8,11,8,2,11,2,0,11,7,6,2,8,13,8,9,9,7,9,5,7,10,2,7,4,8,3,2,6,7,2,9
3,beer,0,6,5,3,2,0,7,12,6,7,11,0,10,11,2,11,10,9,0,6,9,8,10,8,9,9,6,10,10,0,,,,,,,,,,,8,12,12,7,5,0,7,6,11,1,8,4,3,6,4,0,5,5,7,3,6,10,9,4,6,9,4,6,8,7,6,12,2,10,4,7,4,12,3,11
4,liquor,10,7,0,0,12,0,9,11,0,0,5,5,11,0,0,0,0,8,0,0,10,0,9,7,8,0,11,0,8,8,,,,,,,,,,,11,0,8,11,6,0,0,0,8,2,7,0,11,8,0,1,6,4,0,0,10,11,13,5,0,0,6,0,9,0,0,8,0,14,0,4,0,13,4,0
5,gin,0,4,8,0,11,13,4,7,5,3,0,0,5,1,0,5,12,6,4,3,4,5,4,0,0,0,0,3,2,3,,,,,,,,,,,7,7,7,8,0,4,10,0,6,0,6,3,0,9,6,4,7,9,9,9,5,1,6,3,4,1,3,10,0,0,7,9,9,4,0,5,3,8,0,6
6,bottles,0,10,4,0,0,6,0,13,0,0,10,0,8,0,4,7,13,14,7,0,0,3,8,0,5,0,0,11,0,0,,,,,,,,,,,0,0,0,0,0,9,11,0,0,0,0,5,0,7,8,0,9,0,3,0,0,6,11,0,5,5,7,0,0,12,0,4,0,13,11,0,0,10,0,7
7,alchohol,6,0,0,0,5,9,6,0,8,8,0,0,7,6,0,12,0,7,5,0,0,0,0,0,3,6,8,8,0,7,,,,,,,,,,,12,9,5,13,8,0,5,0,10,3,0,0,5,0,3,2,0,0,8,0,9,9,0,10,7,0,10,7,10,8,8,11,0,0,1,3,0,5,0,10
8,rye,7,5,0,0,0,0,0,6,0,4,9,9,0,10,0,4,11,0,0,0,0,0,3,9,6,0,0,0,0,11,,,,,,,,,,,13,0,6,10,0,6,3,0,0,0,4,0,6,1,9,0,0,8,10,10,0,0,10,0,0,8,11,0,0,0,5,0,0,9,9,0,8,0,5,0
9,glass,0,11,0,0,6,5,13,5,11,0,0,0,0,0,0,8,6,12,0,0,5,0,0,0,11,0,4,12,0,0,,,,,,,,,,,6,4,0,6,0,0,12,0,0,0,12,0,0,2,0,0,0,0,4,11,0,7,12,0,0,0,0,0,0,13,0,5,0,11,10,13,0,11,11,0
10,wine,9,0,0,0,7,12,8,4,0,0,12,0,6,0,1,6,7,13,11,0,6,0,0,0,10,10,3,13,0,0,,,,,,,,,,,4,11,0,9,7,11,6,0,12,4,3,0,0,0,11,0,4,10,14,5,11,8,0,0,0,0,0,8,5,5,0,3,0,12,13,8,0,0,10,0
11,rum,0,0,0,5,8,7,2,8,7,0,4,8,9,3,8,0,1,4,3,0,0,6,0,10,7,3,0,2,9,4,,,,,,,,,,,5,0,10,12,0,5,0,0,7,10,13,2,8,0,0,0,8,0,13,0,4,2,4,0,0,2,0,0,0,4,10,0,1,1,0,6,0,4,0,4
12,bourbon,8,0,2,4,9,8,3,0,1,2,3,4,0,4,3,3,2,5,6,0,0,0,5,5,0,2,10,9,1,1,,,,,,,,,,,14,8,9,0,0,10,1,0,9,6,5,0,7,4,5,3,0,11,12,4,0,3,5,2,2,0,0,9,0,0,0,0,5,2,7,9,2,0,6,5
13,evil,1,1,1,6,10,1,5,2,3,5,7,1,4,0,7,2,3,1,10,7,3,4,6,4,4,4,9,5,3,9,,,,,,,,,,,3,1,2,1,1,1,2,1,2,0,2,6,10,0,10,0,1,1,1,7,3,5,1,6,3,0,1,3,0,2,3,10,6,6,12,12,7,2,9,1
14,bar,2,2,0,1,0,2,12,3,2,6,8,2,1,7,0,13,5,2,1,1,1,9,7,3,0,5,2,4,5,10,,,,,,,,,,,2,2,1,2,2,2,0,2,3,9,9,0,4,3,0,6,2,2,2,8,1,14,2,7,0,4,0,2,3,11,0,2,8,5,0,10,0,3,7,2
15,scotch,3,3,3,2,1,3,1,1,4,1,6,3,0,2,0,1,4,3,2,2,2,7,0,6,12,1,1,1,7,2,,,,,,,,,,,1,3,11,3,3,3,4,3,1,5,1,1,9,5,7,5,3,3,11,6,2,4,3,1,1,3,5,1,4,3,4,1,7,3,6,11,1,1,8,3
othr,,0,0,0,0,0,1,0,0,0,0,0,0,0,2,0,0,0,0,0,0,0,0,0,0,0,0,1,0,0,0,,,,,,,,,,,0,2,0,0,0,0,0,0,0,0,0,0,0,0,0,0,0,0,0,0,0,0,0,0,0,0,1,1,3,2,1,0,0,0,2,0,0,0,0,0
CL,swift,0,2,0,0,0,0,0,0,0,0,0,0,0,0,0,5,0,7,0,0,0,8,0,0,0,0,0,4,0,0,0,0,0,0,0,0,0,2,0,0,0,2,0,0,0,0,0,0,0,0,0,0,0,0,0,0,0,0,0,0,0,0,0,0,0,0,0,5,0,5,4,0,0,0,0,0,0,0,5,0
1,fast,0,5,8,0,8,0,9,7,8,0,1,6,10,0,2,10,11,13,5,6,8,1,6,9,2,10,0,0,8,1,3,1,1,6,1,4,1,6,5,2,7,0,0,0,3,8,7,6,10,0,5,5,1,8,1,0,6,10,5,8,8,6,8,4,6,0,5,7,6,4,1,6,4,11,4,1,3,10,1,10
2,slow,0,6,9,0,9,0,10,8,9,9,2,7,9,0,3,11,12,14,6,7,9,2,7,10,3,11,0,0,7,2,7,2,2,7,2,6,2,7,8,3,8,0,0,0,4,9,8,7,11,0,6,6,2,0,2,0,7,11,6,0,9,7,9,5,0,0,6,8,0,3,0,7,5,12,5,0,5,11,2,11
3,river,8,4,7,0,6,0,11,13,10,8,3,0,0,0,5,9,14,9,7,9,5,3,9,11,4,5,4,8,1,3,1,3,7,11,5,10,3,9,3,12,10,5,6,8,7,6,9,8,4,0,7,0,10,0,3,0,4,0,8,0,5,9,10,0,4,0,8,0,4,7,6,9,6,10,8,3,7,0,3,7
4,Jonathan,6,1,6,1,10,5,7,9,7,6,4,9,7,6,6,4,7,11,9,5,4,0,5,3,7,12,7,2,9,4,11,5,6,0,7,7,4,1,0,8,11,1,4,6,6,5,6,4,8,7,4,0,7,4,7,0,8,8,9,4,10,3,2,6,7,4,2,3,9,1,2,12,7,6,6,4,2,5,9,6
5,current,7,0,0,0,5,10,0,0,12,0,5,0,0,0,0,0,9,15,0,0,6,6,8,6,1,14,5,5,5,5,0,0,0,9,0,8,0,0,4,11,12,0,0,0,0,10,4,0,6,0,10,0,3,9,0,0,5,7,7,7,0,13,11,7,0,0,7,0,0,6,0,0,0,0,0,0,0,9,4,0
6,rapid,0,0,0,6,0,0,0,0,0,0,0,8,0,0,4,6,10,10,0,0,10,0,10,7,0,7,0,0,6,9,6,0,10,8,3,0,0,8,0,0,0,8,0,10,0,0,0,0,5,0,0,0,0,6,5,0,0,6,0,0,0,0,12,0,5,0,0,10,0,0,9,0,0,0,0,0,9,7,0,0
7,stream,4,7,0,0,7,9,5,0,11,0,6,0,0,4,0,7,8,8,0,10,7,0,12,0,5,6,0,0,0,7,5,4,8,4,4,9,0,11,0,10,9,7,0,9,8,7,5,0,7,0,0,7,4,5,4,0,0,5,3,6,6,10,7,0,0,0,0,9,0,11,7,11,0,8,0,9,6,8,0,8
8,water,0,0,0,0,0,11,0,0,0,0,11,0,5,0,8,8,13,12,0,0,0,0,0,0,6,9,6,0,0,8,13,0,9,3,0,0,0,10,0,0,0,0,0,0,0,12,0,0,0,6,0,0,0,7,0,1,0,0,4,0,7,0,13,0,8,0,9,12,7,8,0,10,0,9,0,0,0,0,0,9
9,quick,5,0,10,7,0,7,8,10,0,2,0,0,0,0,7,12,0,0,0,0,0,0,11,8,10,0,0,0,0,0,4,9,0,0,9,5,8,0,0,0,6,0,5,7,5,0,0,0,0,0,0,0,0,0,0,3,9,0,0,0,0,8,3,9,0,0,0,11,0,0,0,8,0,0,0,2,4,4,0,0
10,Gulliver,0,0,5,2,2,6,0,4,6,5,7,10,0,5,0,3,6,1,10,8,0,7,4,2,8,13,0,3,2,6,12,6,5,5,6,0,0,0,0,9,4,4,3,5,0,11,10,5,9,4,9,0,8,3,8,0,0,9,10,5,11,4,0,8,2,0,1,4,10,2,3,13,0,1,7,5,8,6,6,5
11,run,3,0,1,4,0,8,4,11,1,1,8,0,8,0,0,13,1,2,0,0,0,0,0,0,0,8,0,0,0,0,2,0,0,0,8,0,0,0,0,1,5,0,0,0,2,0,0,0,0,5,0,0,0,0,0,2,0,1,12,9,3,5,4,0,0,0,0,6,0,12,0,4,1,3,3,6,0,0,0,0
12,sure,0,0,0,0,0,1,0,0,2,0,0,0,0,0,0,0,2,3,1,1,0,0,13,0,0,1,0,0,0,0,0,7,0,0,0,0,0,0,0,7,0,9,0,1,0,1,0,0,0,0,0,0,0,0,0,4,0,0,11,0,0,0,5,0,0,0,0,0,0,13,0,5,0,0,0,7,0,0,0,1
13,deer,9,0,2,5,3,2,3,3,3,3,9,2,0,0,0,0,3,0,0,0,1,0,1,4,0,2,0,6,4,12,8,0,4,1,0,1,0,3,7,5,1,0,1,2,0,2,2,1,2,1,1,2,5,0,0,0,2,2,2,1,2,12,0,1,3,1,3,0,1,10,8,2,2,2,2,0,0,2,0,2
14,car,2,0,3,0,4,3,1,0,4,4,12,3,2,0,0,1,4,5,3,3,2,4,2,5,0,3,1,7,0,10,9,0,0,0,0,2,5,4,1,4,2,0,0,0,0,3,3,2,3,2,2,3,6,1,0,0,1,3,0,2,4,1,6,2,0,2,0,2,2,0,0,3,3,4,9,10,0,3,7,3
15,author,1,3,4,3,1,4,2,2,5,7,10,1,0,3,1,2,5,6,4,4,3,5,3,1,9,4,3,1,3,11,10,8,3,2,10,3,0,5,2,6,3,3,2,4,1,4,1,3,1,3,3,1,9,2,0,5,0,4,1,3,1,2,1,3,1,3,4,0,3,9,5,1,9,5,1,8,1,1,8,4
othr,,0,0,0,0,0,0,1,4,0,0,1,1,5,2,0,0,0,0,1,1,0,0,0,0,0,0,1,0,0,0,0,0,1,1,0,0,1,0,1,0,1,2,0,1,0,0,0,0,0,0,1,1,0,0,1,0,2,0,0,0,0,1,0,0,0,0,0,1,2,0,0,0,1,1,0,0,1,0,0,0
CL,trouble,0,0,0,8,0,0,0,0,0,6,0,0,0,7,0,0,0,0,0,8,0,0,0,0,0,0,0,0,0,0,0,0,0,0,0,0,0,11,0,0,7,0,0,0,0,0,0,0,0,0,0,0,0,0,0,0,0,0,0,0,0,0,0,0,0,0,0,0,0,0,0,0,0,0,0,0,0,0,0,0
1,bad,6,5,0,4,6,11,0,5,8,0,5,0,4,0,2,7,9,7,5,6,9,2,0,2,0,10,9,12,7,1,7,1,1,5,1,6,1,0,7,1,10,5,1,5,6,0,0,9,2,0,0,0,1,11,1,0,7,5,7,5,8,10,4,4,0,2,4,8,0,0,0,9,0,1,2,1,7,5,1,0
2,shooter,0,6,0,0,7,12,8,0,9,8,7,0,0,0,6,10,0,8,0,7,10,0,0,4,0,9,10,8,4,2,9,5,5,6,2,0,0,5,2,2,6,8,2,0,0,9,0,0,3,0,0,0,2,12,2,5,0,7,8,6,7,11,3,5,0,0,5,0,5,0,2,10,5,9,1,2,6,7,0,5
3,worry,0,7,0,0,0,9,0,0,11,0,0,0,8,0,0,12,0,0,0,0,0,6,5,8,0,6,4,0,11,10,5,0,3,7,5,0,10,12,0,3,0,0,0,0,0,8,0,8,6,0,0,0,0,9,0,0,10,6,10,7,0,9,0,6,0,0,0,0,0,0,0,11,0,0,0,0,0,6,2,0
4,danger,0,0,0,0,0,10,9,0,0,0,0,0,0,0,0,11,0,0,0,0,0,0,0,9,5,11,0,0,10,0,0,0,0,10,0,0,5,0,0,4,8,0,0,0,0,0,0,0,0,7,0,7,0,0,0,0,0,0,0,0,0,12,5,0,0,0,0,0,0,0,0,12,0,0,9,0,8,0,0,0
5,sorrow,0,0,6,9,11,0,7,6,13,0,10,7,7,0,0,0,0,0,7,0,7,0,8,0,0,8,5,4,9,3,0,0,11,0,0,5,0,7,0,5,0,0,0,0,0,0,0,0,0,0,0,4,0,0,4,0,8,0,5,0,9,0,10,0,0,0,6,10,0,7,0,0,0,0,0,9,0,0,0,0
6,fear,0,0,0,0,0,13,5,0,0,0,0,0,9,0,0,9,6,0,0,0,0,0,0,0,0,0,8,0,0,0,0,7,4,11,6,0,9,9,5,6,0,0,0,0,0,0,0,0,0,0,0,8,3,0,5,6,9,0,6,9,4,8,11,7,6,0,7,0,0,0,0,0,0,0,10,0,0,0,0,0
7,school,4,8,0,0,8,6,10,0,10,4,8,0,0,0,1,5,7,10,1,5,8,0,0,5,1,4,3,7,5,0,8,6,9,3,8,0,0,10,3,7,5,7,0,0,0,4,0,6,4,6,4,10,4,7,0,0,0,8,9,8,5,7,7,8,0,0,9,6,6,3,0,5,7,6,5,7,5,3,8,6
8,problem,0,0,0,0,9,7,13,0,12,0,0,0,0,8,0,6,0,0,2,0,0,3,0,6,0,5,0,13,0,0,0,8,0,4,10,4,4,8,0,0,0,0,7,0,0,0,0,7,0,0,0,11,5,5,0,0,0,9,0,0,6,14,0,9,0,0,0,4,0,2,0,7,6,7,4,0,0,4,9,7
9,police,0,0,4,1,10,5,12,3,7,9,9,3,2,0,3,4,8,9,3,2,0,4,7,3,2,0,0,10,8,5,6,0,7,8,4,0,3,0,4,0,0,0,8,0,0,6,4,4,5,1,5,3,0,10,6,1,6,0,0,0,0,5,8,10,4,1,8,5,0,4,0,3,4,0,3,3,4,0,5,0
10,fight,7,0,3,0,0,0,11,0,6,7,0,4,3,6,5,0,1,1,8,0,1,0,4,0,3,0,0,6,0,0,0,0,10,1,0,0,2,0,0,0,0,0,0,0,0,5,5,5,0,0,0,6,0,8,0,2,5,0,0,0,0,6,9,0,5,3,0,0,0,0,0,4,0,2,0,0,9,9,3,0
11,sad,0,1,5,3,4,8,0,0,1,0,4,5,6,1,0,8,5,2,6,3,2,0,0,10,0,7,0,5,6,4,3,0,2,0,0,0,0,6,8,0,0,4,0,0,5,7,0,0,7,3,0,0,0,4,0,0,0,0,4,0,10,13,0,0,0,6,0,0,1,1,1,13,0,3,6,0,0,10,4,4
12,difficulty,5,2,7,7,5,1,4,4,2,1,6,6,0,2,0,3,2,3,0,4,3,5,6,7,6,2,0,3,0,8,4,4,6,0,7,3,6,0,6,8,4,3,5,4,1,0,0,0,0,2,2,9,6,6,7,3,4,4,3,1,3,1,6,0,0,0,0,9,2,0,0,6,0,0,0,5,0,0,6,8
13,help,3,0,0,6,2,2,1,0,3,2,0,0,0,3,0,0,0,4,0,0,6,0,1,0,0,0,7,9,1,9,0,0,0,0,0,1,0,1,9,0,1,2,3,1,2,1,3,1,0,4,0,0,0,1,0,0,1,1,0,2,0,2,0,1,1,0,1,3,0,8,0,8,1,4,0,4,2,0,0,2
14,maker,1,3,2,5,3,3,2,0,4,3,2,2,5,4,4,1,3,5,0,9,5,0,2,0,0,3,1,1,2,6,1,3,0,0,9,2,8,2,0,0,2,0,4,2,3,2,2,2,0,5,3,2,7,2,0,0,2,2,1,3,2,3,0,2,2,5,2,2,4,5,4,1,2,5,8,8,3,1,0,3
15,jail,2,4,1,2,1,4,3,2,5,5,3,1,1,5,0,2,4,6,4,1,4,1,3,1,4,1,2,2,3,7,2,2,8,2,3,7,7,3,1,9,3,1,6,3,4,3,1,3,1,0,1,1,8,3,8,4,3,3,2,4,1,4,1,3,3,4,3,1,3,6,3,2,3,8,7,6,1,2,7,1
othr,,0,0,1,0,0,0,1,1,0,0,1,1,0,0,0,0,1,0,0,0,0,0,0,0,0,0,1,1,0,0,0,0,0,0,0,0,1,1,0,0,1,1,0,0,0,0,0,0,0,0,1,0,0,0,1,0,0,0,0,0,0,0,0,0,0,1,0,2,0,0,3,0,0,0,0,0,0,1,0,0
CL,stove,8,0,0,0,0,0,9,0,0,0,12,0,0,7,0,11,0,0,0,0,0,0,8,0,0,0,0,0,12,0,0,0,0,0,0,0,0,0,0,0,0,0,11,0,0,0,0,8,0,0,0,0,0,0,0,0,0,9,0,11,0,0,0,0,0,0,6,0,0,0,0,0,0,0,0,0,0,1,0,10
1,hot,5,0,10,1,4,7,12,7,9,0,7,3,1,1,1,5,0,9,4,1,5,7,1,1,6,3,3,2,4,1,1,1,8,5,1,0,1,1,7,0,7,1,1,5,3,9,4,4,6,8,0,5,1,3,0,0,6,5,4,8,5,11,1,8,8,4,4,5,7,6,0,5,7,8,1,1,2,3,1,7
2,heat,6,8,9,2,5,8,4,0,10,6,6,4,2,2,2,7,0,8,3,2,6,0,2,2,7,2,4,3,7,2,2,2,6,0,2,2,2,2,0,10,8,2,2,6,4,8,0,5,7,4,0,4,2,4,4,0,5,6,5,3,6,10,2,9,0,5,3,6,8,7,9,6,0,7,0,2,3,4,2,8
3,pipe,0,5,11,3,8,5,6,12,0,0,0,6,0,0,0,4,0,11,0,0,7,10,6,7,0,10,2,4,3,0,4,3,4,6,4,7,0,0,5,9,0,0,3,0,0,10,6,0,5,0,0,0,8,0,0,0,0,0,0,0,0,9,9,0,0,7,0,0,11,0,0,4,8,11,11,0,0,12,3,6
4,cook,0,6,5,4,9,0,3,5,4,0,8,0,0,0,6,8,7,14,7,0,0,0,0,0,0,12,0,5,0,0,3,0,7,7,11,9,8,4,0,8,9,0,5,0,6,0,7,6,10,7,0,11,3,0,1,0,9,0,0,0,0,0,0,1,9,0,0,0,0,0,3,0,0,9,10,3,9,0,0,5
5,warm,0,0,8,0,6,0,0,6,0,0,0,0,3,0,0,6,9,6,5,7,9,6,0,3,8,8,0,0,0,3,0,8,9,9,3,0,3,3,6,0,0,7,10,0,0,0,5,0,8,0,0,6,0,0,3,0,4,0,0,9,9,8,3,6,7,0,0,0,0,0,4,10,0,0,2,0,7,5,0,0
6,fire,0,7,0,9,7,0,0,10,8,0,0,0,4,4,0,12,8,5,0,0,0,0,0,4,0,7,5,11,8,4,6,0,0,10,0,0,9,0,2,0,0,8,0,0,0,0,0,0,4,0,0,0,0,0,0,0,10,0,7,0,0,7,10,12,3,0,7,0,4,0,0,11,6,14,3,0,8,0,8,0
7,oven,9,0,6,8,0,0,0,0,6,0,10,0,5,0,3,0,0,10,8,0,0,0,0,0,4,5,6,10,9,10,0,5,0,11,5,0,4,10,3,0,0,9,12,0,7,6,0,0,2,9,0,9,0,5,8,0,8,0,8,0,0,4,5,7,0,0,5,8,0,0,8,3,5,13,9,7,0,7,5,0
8,wood,0,0,0,0,0,0,0,0,7,0,9,0,0,0,4,0,6,13,6,0,0,0,4,0,0,0,0,0,11,0,7,0,0,0,9,0,6,0,8,0,0,0,0,7,0,11,0,0,9,0,0,8,5,0,0,0,0,8,6,0,0,5,7,11,0,0,0,0,12,0,6,0,0,4,6,0,0,0,0,9
9,kitchen,7,0,0,0,10,6,8,11,5,1,11,5,6,3,0,0,0,15,0,0,8,11,7,0,0,9,9,0,10,8,0,4,0,8,0,8,5,11,4,0,0,0,4,8,5,7,3,7,0,6,0,0,0,0,2,0,3,7,0,10,2,6,0,2,6,6,0,0,9,0,0,7,0,10,0,8,5,6,0,4
10,lid,0,0,7,0,11,0,7,0,0,0,0,0,0,0,5,0,0,7,0,0,0,9,0,9,0,0,7,6,2,6,0,0,5,4,12,0,0,0,0,1,1,0,0,0,0,0,0,0,0,5,0,10,0,0,0,1,0,0,0,0,0,12,8,0,0,0,0,7,0,0,0,8,0,0,0,0,6,2,0,0
11,coal,10,2,4,5,0,0,10,9,0,4,1,0,7,0,8,9,1,12,0,0,0,0,3,10,1,4,0,8,1,0,8,0,0,0,8,4,0,9,0,2,2,0,7,0,0,1,0,0,0,0,5,0,0,0,0,2,0,0,0,0,7,0,0,10,1,0,0,9,6,0,0,0,1,5,0,0,4,9,4,0
12,gas,1,1,0,6,0,1,5,4,0,2,2,0,0,0,9,0,2,1,10,6,1,5,0,0,2,0,0,7,0,0,9,0,0,12,0,3,0,6,0,3,3,0,8,1,0,2,0,0,0,0,3,7,4,1,6,3,0,3,0,2,8,0,0,0,2,3,0,4,1,0,5,0,2,6,0,9,0,10,0,0
13,iron,2,3,1,0,1,2,0,2,1,0,3,0,9,0,0,2,3,2,0,0,2,1,0,8,0,11,8,0,0,5,11,0,2,0,10,10,7,8,9,4,4,3,9,2,0,3,8,1,0,2,2,3,0,2,5,4,0,1,3,4,1,1,0,3,0,0,0,2,2,3,0,9,0,2,7,4,0,11,0,1
14,range,3,0,2,0,2,3,2,3,2,3,4,1,0,5,0,3,4,3,2,4,3,2,0,5,3,6,0,9,6,9,5,7,3,1,6,0,0,5,0,5,5,4,0,3,1,4,2,2,3,3,4,2,6,0,7,0,0,2,1,5,4,2,4,4,4,1,1,3,3,1,1,2,3,3,8,5,0,8,6,2
15,furnace,4,4,3,7,3,4,1,1,3,5,5,2,0,6,7,1,5,4,1,3,4,3,5,6,5,1,1,1,5,7,10,6,1,2,7,1,0,0,1,6,6,5,6,4,2,5,1,3,1,1,1,1,7,0,0,5,2,4,2,6,3,3,6,5,5,2,2,1,5,2,2,1,4,1,0,6,1,0,7,3
othr,,0,0,0,0,0,0,1,0,0,0,0,0,1,0,0,1,0,0,1,1,0,2,0,0,0,0,0,0,0,0,0,1,0,1,0,2,0,1,0,1,2,1,0,0,0,0,0,1,0,0,1,0,0,0,0,0,2,0,0,1,0,0,0,0,0,0,0,1,0,3,0,0,0,1,2,0,0,0,0,1
